unit	cluster	hap1	hap2	purity	score
630	0	27	18	0.6000	0.0000
357	0	0	27	1.0000	369.0666
1388	0	27	0	1.0000	265.9155
1634	0	0	38	1.0000	0.0000
901	1	0	33	1.0000	401.9602
73	1	8	13	0.6190	54.9679
103	0	0	24	1.0000	223.7649
1368	0	7	12	0.6316	53.5805
1686	0	23	0	1.0000	0.0000
438	0	0	30	1.0000	362.4537
1784	0	19	19	0.5000	0.0000
1442	0	1	24	0.9600	219.8351
1518	0	31	0	1.0000	0.0000
1486	0	36	36	0.5000	0.0000
1044	1	17	13	0.5667	44.0058
697	3	23	9	0.7188	1359.8404
1810	0	16	0	1.0000	0.0000
872	1	0	23	1.0000	89.4771
1096	1	0	27	1.0000	250.5315
1104	0	19	0	1.0000	0.0000
1295	1	0	20	1.0000	202.9003
1754	0	24	0	1.0000	271.3377
1875	0	17	9	0.6538	0.0000
1037	1	1	21	0.9545	130.7464
1441	1	21	23	0.5227	47.9391
974	1	24	1	0.9600	62.5295
1760	0	0	26	1.0000	297.4565
946	1	23	0	1.0000	129.3371
925	0	12	9	0.5714	51.4154
955	0	18	17	0.5143	51.2297
128	1	32	0	1.0000	280.7372
1697	1	0	26	1.0000	272.8356
1427	1	12	9	0.5714	136.7788
1106	0	0	30	1.0000	251.8957
515	0	9	11	0.5500	52.8619
163	1	24	3	0.8889	67.0693
894	1	10	12	0.5455	47.5105
1522	0	42	0	1.0000	0.0000
341	0	0	30	1.0000	384.4199
1600	1	24	0	1.0000	284.6161
1063	1	12	18	0.6000	60.9793
13	0	0	30	1.0000	405.0482
1750	0	30	0	1.0000	159.7974
889	0	22	9	0.7097	39.6931
848	1	0	40	1.0000	298.5827
571	1	41	1	0.9762	166.7631
1892	0	17	17	0.5000	0.0000
1542	0	25	0	1.0000	189.8848
1908	0	20	26	0.5652	0.0000
317	1	19	13	0.5938	99.4240
1210	0	32	0	1.0000	317.3664
1760	1	24	0	1.0000	297.4565
405	0	0	26	1.0000	282.5722
1454	0	30	4	0.8824	83.2364
1650	0	30	0	1.0000	0.0000
196	0	28	26	0.5185	0.0000
863	1	1	23	0.9583	120.6734
875	0	9	13	0.5909	43.1902
175	1	16	15	0.5161	56.1772
745	1	25	0	1.0000	229.5758
626	0	15	11	0.5769	46.2267
171	1	0	36	1.0000	252.1231
743	0	31	0	1.0000	222.1681
1369	0	3	31	0.9118	110.2562
1062	1	13	10	0.5652	64.5836
459	0	37	24	0.6066	0.0000
1917	0	18	22	0.5500	0.0000
1303	0	22	0	1.0000	242.9990
407	0	30	0	1.0000	319.2776
652	0	15	6	0.7143	53.5710
496	0	17	19	0.5278	45.7222
1607	0	1	25	0.9615	148.0874
834	0	1	29	0.9667	194.3175
1934	1	9	13	0.5909	78.6487
1422	1	23	1	0.9583	150.7207
168	0	30	0	1.0000	281.5769
1580	0	0	17	1.0000	162.2293
248	0	4	18	0.8182	38.9770
126	0	35	0	1.0000	298.0460
201	1	24	0	1.0000	214.9450
545	0	0	30	1.0000	0.0000
200	5	26	0	1.0000	3372.0492
1423	1	0	28	1.0000	211.8906
1119	0	1	24	0.9600	192.8894
1706	0	22	0	1.0000	0.0000
627	1	9	10	0.5263	46.3331
541	1	20	0	1.0000	1206.9387
888	0	18	12	0.6000	34.1340
993	1	8	12	0.6000	41.9380
1101	1	32	3	0.9143	44.7070
1365	1	0	27	1.0000	246.9673
1133	1	29	0	1.0000	255.6231
945	1	22	0	1.0000	205.4517
909	0	17	26	0.6047	118.0219
759	1	26	1	0.9630	99.5158
1441	0	6	8	0.5714	47.9391
1036	0	26	1	0.9630	162.5118
465	1	1	24	0.9600	94.2438
498	0	33	0	1.0000	0.0000
53	0	25	0	1.0000	371.6902
1832	0	23	23	0.5000	0.0000
229	0	0	22	1.0000	0.0000
485	0	24	0	1.0000	253.8969
1929	0	20	8	0.7143	49.5703
1469	0	9	12	0.5714	36.7806
1067	0	36	24	0.6000	0.0000
1218	1	32	1	0.9697	46.2253
63	0	22	3	0.8800	87.1511
1345	0	11	12	0.5217	81.3434
239	1	0	24	1.0000	67.5368
707	0	0	24	1.0000	269.9569
360	0	33	0	1.0000	684.1267
497	0	4	27	0.8710	83.7802
84	0	35	0	1.0000	283.7811
440	0	35	0	1.0000	170.9844
1873	0	17	20	0.5405	0.0000
277	1	9	10	0.5263	62.4944
221	0	10	19	0.6552	39.3378
815	2	14	9	0.6087	1464.2735
1251	0	0	29	1.0000	294.6448
1906	1	7	8	0.5333	55.1852
1585	0	20	0	1.0000	0.0000
749	0	20	13	0.6061	44.0499
64	0	26	0	1.0000	96.9578
1894	0	22	23	0.5111	0.0000
1333	0	24	0	1.0000	173.1423
611	1	30	0	1.0000	327.5270
1897	0	0	18	1.0000	73.3677
877	1	4	14	0.7778	39.1763
1248	0	1	28	0.9655	2484.9854
344	1	26	6	0.8125	58.2882
1481	0	0	28	1.0000	0.0000
1408	1	0	25	1.0000	293.0599
154	1	23	0	1.0000	309.2228
426	0	19	12	0.6129	51.0765
491	0	24	0	1.0000	253.0332
563	0	26	0	1.0000	229.5365
1890	1	1	14	0.9333	43.6280
439	1	0	33	1.0000	274.7373
308	0	22	0	1.0000	203.1324
1606	0	0	22	1.0000	248.2678
1582	1	2	26	0.9286	87.1151
1692	0	20	3	0.8696	84.9976
1376	1	0	19	1.0000	243.9700
342	0	0	23	1.0000	0.0000
462	1	34	17	0.6667	68.1481
652	1	14	12	0.5385	53.5710
1185	1	1	24	0.9600	124.2971
661	1	8	9	0.5294	38.9289
877	0	13	19	0.5938	39.1763
1793	0	18	20	0.5263	0.0000
1172	0	0	20	1.0000	0.0000
784	0	24	0	1.0000	0.0000
1257	0	28	30	0.5172	0.0000
30	1	0	28	1.0000	425.6484
1876	0	20	19	0.5128	0.0000
994	1	1	28	0.9655	182.6961
1628	0	8	12	0.6000	32.8740
1211	1	0	29	1.0000	323.0986
75	0	22	22	0.5000	0.0000
1425	1	0	25	1.0000	44.6611
1922	0	20	20	0.5000	0.0000
943	1	5	18	0.7826	81.7012
1859	0	22	28	0.5600	0.0000
849	0	36	0	1.0000	350.6697
279	0	25	24	0.5102	0.0000
917	0	10	15	0.6000	48.7049
1677	1	0	27	1.0000	337.5307
129	0	0	26	1.0000	282.9445
94	1	28	0	1.0000	207.5401
1205	0	2	29	0.9355	217.6090
954	0	10	12	0.5455	80.9962
1141	0	0	23	1.0000	277.3100
235	0	25	0	1.0000	0.0000
503	0	0	22	1.0000	308.7453
932	1	15	3	0.8333	58.5900
961	1	14	11	0.5600	55.0599
906	0	0	34	1.0000	0.0000
838	0	12	12	0.5000	55.2595
662	0	2	23	0.9200	57.7505
728	1	12	12	0.5000	46.0500
748	0	15	8	0.6522	93.1352
1313	1	21	0	1.0000	250.1376
651	1	24	3	0.8889	84.6897
140	1	0	28	1.0000	336.9898
1763	1	29	0	1.0000	283.1164
1163	0	6	14	0.7000	34.0168
476	1	0	24	1.0000	231.9512
211	1	1	26	0.9630	282.1732
106	0	0	27	1.0000	304.3026
758	1	17	17	0.5000	51.4221
790	0	31	1	0.9688	119.0586
675	1	0	31	1.0000	298.1056
361	0	25	0	1.0000	276.9066
1636	0	0	26	1.0000	1395.4496
123	1	0	31	1.0000	262.3404
1379	0	14	10	0.5833	37.1576
1589	0	29	0	1.0000	192.3500
1730	0	0	22	1.0000	0.0000
655	0	0	27	1.0000	270.8028
116	1	18	16	0.5294	73.4636
483	0	2	21	0.9130	228.7276
140	0	33	0	1.0000	336.9898
1495	0	28	0	1.0000	487.9784
608	0	14	7	0.6667	55.9046
1085	1	17	9	0.6538	66.4146
810	0	11	4	0.7333	62.3107
533	1	21	1	0.9545	121.5373
1543	1	24	0	1.0000	123.8821
1245	1	12	16	0.5714	46.9407
766	0	34	0	1.0000	0.0000
110	1	28	0	1.0000	168.4270
1829	1	5	7	0.5833	86.4555
1762	1	0	30	1.0000	244.0248
1334	1	24	2	0.9231	71.0169
899	0	0	30	1.0000	442.4155
1617	1	0	25	1.0000	296.1759
754	0	31	26	0.5439	0.0000
915	1	34	1	0.9714	222.1149
1849	1	2	17	0.8947	73.2546
1211	0	25	0	1.0000	323.0986
920	1	26	5	0.8387	52.4435
1498	2	9	24	0.7273	4937.4704
201	0	0	29	1.0000	214.9450
1689	1	14	9	0.6087	63.2660
841	0	53	21	0.7162	3458.8883
1353	0	32	0	1.0000	411.7770
517	0	0	18	1.0000	0.0000
623	1	28	1	0.9655	77.5330
1759	1	23	0	1.0000	305.6506
1587	1	24	0	1.0000	333.4625
1578	0	0	17	1.0000	138.8201
1737	0	22	2	0.9167	39.7402
1837	0	32	22	0.5926	0.0000
873	1	16	29	0.6444	44.8901
595	1	13	15	0.5357	40.5304
1432	1	2	23	0.9200	61.7643
622	0	28	0	1.0000	0.0000
433	1	25	0	1.0000	244.0206
1588	0	31	0	1.0000	0.0000
1070	1	15	23	0.6053	83.8488
1547	0	27	0	1.0000	0.0000
1901	0	24	26	0.5200	0.0000
1171	0	0	22	1.0000	0.0000
385	0	21	0	1.0000	287.1272
17	0	24	1	0.9600	84.9420
1563	2	20	0	1.0000	992.9097
47	0	0	37	1.0000	0.0000
777	0	30	0	1.0000	262.7882
267	0	20	0	1.0000	198.5871
1673	1	0	23	1.0000	219.0406
207	1	0	28	1.0000	296.6527
956	1	17	5	0.7727	52.0114
350	1	5	24	0.8276	196.0177
1450	1	0	20	1.0000	246.9403
1688	1	18	9	0.6667	50.9574
392	1	1	22	0.9565	104.1167
424	1	32	0	1.0000	149.2408
511	0	10	10	0.5000	48.2689
1747	1	0	27	1.0000	279.4550
1526	0	1	32	0.9697	250.3985
1258	0	22	0	1.0000	556.0022
412	0	1	25	0.9615	231.1673
554	0	3	21	0.8750	79.0496
1294	1	20	0	1.0000	294.0199
857	1	26	0	1.0000	272.4968
1638	1	13	5	0.7222	36.6440
61	0	25	0	1.0000	189.1494
447	1	3	19	0.8636	189.6809
1484	1	21	12	0.6364	49.0650
1653	1	22	0	1.0000	400.4716
1685	0	0	11	1.0000	125.9470
1299	1	18	7	0.7200	76.6629
214	0	11	13	0.5417	44.5095
340	1	1	28	0.9655	306.3704
1113	0	0	23	1.0000	0.0000
1039	0	15	12	0.5556	57.0860
1827	0	17	15	0.5312	0.0000
978	1	24	0	1.0000	175.8541
924	0	24	15	0.6154	0.0000
107	1	29	1	0.9667	310.8225
1014	0	10	15	0.6000	34.7610
83	1	7	11	0.6111	61.9265
1156	0	4	21	0.8400	60.7595
1218	0	4	20	0.8333	46.2253
1755	0	10	13	0.5652	36.3422
382	1	17	14	0.5484	69.3398
259	1	0	29	1.0000	319.2704
1483	0	24	4	0.8571	70.0788
1415	0	37	0	1.0000	0.0000
1199	1	26	0	1.0000	163.1175
1414	0	23	20	0.5349	0.0000
1261	0	28	0	1.0000	401.4474
1589	1	0	37	1.0000	192.3500
1838	1	5	5	0.5000	83.9505
156	1	0	31	1.0000	220.8557
952	0	24	1	0.9600	221.9006
1778	0	28	24	0.5385	0.0000
267	1	0	30	1.0000	198.5871
775	1	18	2	0.9000	112.8743
790	1	2	27	0.9310	119.0586
587	1	6	24	0.8000	190.2030
353	1	4	24	0.8571	92.5582
58	1	0	24	1.0000	200.8506
594	1	20	0	1.0000	403.2597
1010	0	0	27	1.0000	0.0000
1348	0	0	27	1.0000	214.6681
359	0	0	23	1.0000	0.0000
1060	0	20	0	1.0000	0.0000
1165	1	2	22	0.9167	66.9011
220	1	8	14	0.6364	42.8760
1885	0	6	14	0.7000	49.3264
1595	0	24	2	0.9231	0.0000
1421	0	15	28	0.6512	64.5057
1362	0	0	15	1.0000	155.4532
411	0	0	25	1.0000	263.2248
1037	0	36	0	1.0000	130.7464
1058	0	0	28	1.0000	0.0000
1190	0	1	20	0.9524	66.1319
1357	0	13	12	0.5200	58.8041
1850	0	18	16	0.5294	0.0000
822	0	34	28	0.5484	0.0000
1864	0	27	18	0.6000	0.0000
980	0	22	0	1.0000	254.2919
56	0	11	17	0.6071	45.4109
1725	0	32	0	1.0000	295.6495
1715	0	27	0	1.0000	139.7945
958	1	26	0	1.0000	144.1460
1463	0	2	32	0.9412	91.6389
1100	1	24	0	1.0000	497.1415
869	0	0	24	1.0000	0.0000
646	0	29	2	0.9355	91.6263
504	1	29	5	0.8529	114.8791
595	0	10	11	0.5238	40.5304
413	1	2	21	0.9130	210.8430
608	1	14	18	0.5625	55.9046
854	1	12	20	0.6250	39.6946
320	1	9	13	0.5909	61.7757
244	1	0	29	1.0000	83.0463
773	1	19	0	1.0000	299.7433
277	0	15	14	0.5172	62.4944
58	0	21	0	1.0000	200.8506
25	1	23	0	1.0000	244.7704
613	0	29	0	1.0000	223.7510
125	0	42	0	1.0000	300.4941
252	0	18	14	0.5625	47.4605
1134	1	25	2	0.9259	93.1456
1578	1	24	0	1.0000	138.8201
243	1	15	16	0.5161	40.7470
1229	0	8	14	0.6364	45.7815
103	1	24	0	1.0000	223.7649
1393	0	11	0	1.0000	0.0000
580	1	22	10	0.6875	53.7785
1332	0	27	0	1.0000	0.0000
852	1	24	0	1.0000	153.6890
624	1	14	10	0.5833	44.7560
1502	0	34	0	1.0000	0.0000
651	0	1	28	0.9655	84.6897
65	0	42	0	1.0000	0.0000
191	0	10	14	0.5833	51.6895
1418	0	38	0	1.0000	0.0000
1243	1	11	13	0.5417	56.1087
716	0	0	25	1.0000	280.8129
803	0	10	14	0.5833	67.8788
585	0	21	5	0.8077	90.5052
501	0	23	0	1.0000	0.0000
546	1	29	0	1.0000	621.8635
316	1	14	9	0.6087	45.5176
1899	1	8	6	0.5714	169.1014
1167	0	0	27	1.0000	0.0000
1722	0	18	18	0.5000	59.0645
884	1	2	24	0.9231	87.7899
947	0	11	10	0.5238	33.1455
1203	0	30	3	0.9091	134.3427
1308	1	29	2	0.9355	144.7400
1344	0	21	25	0.5435	0.0000
1027	1	0	27	1.0000	110.6161
642	0	28	27	0.5091	0.0000
1234	0	14	8	0.6364	55.0611
1824	0	13	12	0.5200	0.0000
1178	0	2	20	0.9091	106.9122
1338	1	1	23	0.9583	156.5496
1516	0	30	0	1.0000	234.4209
119	0	25	0	1.0000	81.5929
925	1	14	14	0.5000	51.4154
794	1	14	7	0.6667	36.7725
1445	2	0	24	1.0000	167.7838
1410	1	22	0	1.0000	276.1688
217	1	17	20	0.5405	59.5481
958	0	1	27	0.9643	144.1460
1057	0	0	22	1.0000	0.0000
1281	1	20	8	0.7143	43.9170
1217	1	10	6	0.6250	46.6174
478	0	1	24	0.9600	242.1078
262	1	42	0	1.0000	408.8803
1082	1	17	27	0.6136	74.0331
1458	0	27	1	0.9643	81.5377
295	0	6	11	0.6471	44.0226
568	0	0	27	1.0000	172.9415
1517	1	21	8	0.7241	59.0917
1369	1	26	5	0.8387	110.2562
404	1	0	30	1.0000	125.9864
1708	1	2	12	0.8571	54.6017
1289	1	0	28	1.0000	186.6571
669	0	31	1	0.9688	101.8070
169	0	10	12	0.5455	47.6786
1478	0	10	9	0.5263	43.6153
1050	1	0	30	1.0000	208.4520
929	0	0	24	1.0000	149.9945
217	0	12	16	0.5714	59.5481
1919	1	5	12	0.7059	62.6554
478	1	26	0	1.0000	242.1078
1680	0	39	0	1.0000	0.0000
1072	0	21	0	1.0000	0.0000
969	1	30	0	1.0000	311.1813
1370	0	28	0	1.0000	205.8687
122	1	1	30	0.9677	116.1895
559	0	27	0	1.0000	140.5615
957	1	21	12	0.6364	59.9280
1281	0	11	13	0.5417	43.9170
1168	0	0	27	1.0000	0.0000
1687	1	19	0	1.0000	226.4879
127	0	1	23	0.9583	251.1025
876	0	8	18	0.6923	111.8572
838	1	12	14	0.5385	55.2595
1828	0	10	8	0.5556	248.0336
470	1	25	0	1.0000	169.3061
543	1	0	28	1.0000	597.0754
327	1	16	13	0.5517	42.3818
446	1	1	23	0.9583	344.0687
1374	0	20	0	1.0000	0.0000
1752	1	5	25	0.8333	98.5627
121	0	0	29	1.0000	137.2680
1139	0	29	34	0.5397	0.0000
963	1	21	0	1.0000	65.6410
180	0	14	12	0.5385	45.8388
575	0	24	0	1.0000	233.6530
470	0	1	23	0.9583	169.3061
931	0	4	19	0.8261	93.9038
654	1	0	24	1.0000	290.3635
227	0	15	20	0.5714	0.0000
1023	0	8	13	0.6190	45.4293
484	0	0	26	1.0000	255.7834
615	0	7	15	0.6818	53.8013
653	1	22	0	1.0000	59.6620
468	0	27	0	1.0000	179.7054
1527	0	0	29	1.0000	0.0000
1015	0	1	28	0.9655	335.7450
911	0	0	27	1.0000	199.8334
1492	0	2	16	0.8889	53.3011
882	0	0	22	1.0000	301.2162
173	1	0	26	1.0000	312.5714
668	0	33	4	0.8919	138.3509
1478	1	14	8	0.6364	43.6153
555	1	0	29	1.0000	339.0074
1301	1	20	25	0.5556	46.7628
1843	1	30	2	0.9375	94.1202
1355	1	0	27	1.0000	185.1236
1246	1	0	25	1.0000	209.1260
1701	1	9	8	0.5294	32.6947
916	1	30	0	1.0000	186.9360
998	0	13	0	1.0000	237.0660
1353	1	0	32	1.0000	411.7770
175	0	13	12	0.5200	56.1772
508	0	0	29	1.0000	0.0000
805	0	27	29	0.5179	0.0000
66	0	11	9	0.5500	71.6573
1192	0	0	23	1.0000	268.9875
556	1	3	24	0.8889	55.0892
319	0	22	7	0.7586	62.3765
677	0	14	7	0.6667	48.9574
835	0	25	1	0.9615	353.9959
1655	0	0	30	1.0000	0.0000
1250	0	31	0	1.0000	319.2592
1398	0	26	0	1.0000	384.9163
604	1	0	28	1.0000	416.9849
317	0	15	11	0.5769	99.4240
830	0	34	0	1.0000	0.0000
250	0	29	0	1.0000	0.0000
1854	1	8	17	0.6800	115.9202
1577	0	23	1	0.9583	129.7595
34	1	27	0	1.0000	389.3880
1193	1	22	3	0.8800	76.9379
531	0	13	12	0.5200	59.5858
835	1	0	30	1.0000	353.9959
887	0	1	25	0.9615	258.7902
1056	0	0	23	1.0000	0.0000
1180	0	0	34	1.0000	0.0000
1830	1	15	10	0.6000	198.1831
892	1	17	16	0.5152	58.7752
247	1	11	22	0.6667	36.7214
881	0	33	0	1.0000	182.2312
438	1	38	1	0.9744	362.4537
850	0	24	0	1.0000	237.9724
1759	0	0	29	1.0000	305.6506
541	2	0	19	1.0000	1206.9387
987	0	0	28	1.0000	306.7406
1666	2	25	0	1.0000	873.9503
350	0	31	1	0.9688	196.0177
1375	1	1	17	0.9444	173.6784
605	0	0	34	1.0000	214.7515
1887	0	24	16	0.6000	0.0000
126	1	0	25	1.0000	298.0460
1347	1	10	13	0.5652	81.7544
1812	1	24	2	0.9231	190.5667
1617	0	41	1	0.9762	296.1759
758	0	10	19	0.6552	51.4221
1477	0	26	17	0.6047	0.0000
985	1	24	21	0.5333	58.2285
782	0	20	25	0.5556	84.2554
1291	1	0	22	1.0000	242.3826
525	1	7	11	0.6111	34.7010
1325	0	24	0	1.0000	254.5871
878	1	8	14	0.6364	31.5951
1198	0	30	0	1.0000	199.7063
1663	0	30	26	0.5357	0.0000
1883	0	26	17	0.6047	0.0000
860	1	25	1	0.9615	89.5984
1155	0	23	1	0.9583	86.7966
1112	1	17	7	0.7083	61.7961
1329	0	22	2	0.9167	78.5478
1748	0	0	19	1.0000	198.6858
810	1	18	16	0.5294	62.3107
107	0	0	30	1.0000	310.8225
210	0	0	33	1.0000	0.0000
991	0	0	36	1.0000	160.3432
989	1	20	1	0.9524	199.4309
1568	0	29	0	1.0000	289.3079
1358	1	0	24	1.0000	253.0592
1625	1	21	0	1.0000	164.6886
1378	0	22	11	0.6667	49.4455
1145	0	30	0	1.0000	320.5706
1030	0	0	27	1.0000	0.0000
355	1	0	27	1.0000	296.4108
1372	0	24	2	0.9231	154.7918
388	0	0	42	1.0000	0.0000
1538	0	0	31	1.0000	152.0170
111	1	0	33	1.0000	336.4630
1834	0	31	20	0.6078	0.0000
191	1	14	13	0.5185	51.6895
720	1	23	0	1.0000	253.2371
621	0	23	26	0.5306	0.0000
1064	0	8	18	0.6923	75.4814
1654	0	0	35	1.0000	0.0000
1209	1	0	35	1.0000	348.7025
346	0	31	1	0.9688	117.4799
1166	1	10	10	0.5000	56.4227
1560	0	21	1	0.9545	275.0678
792	1	23	1	0.9583	224.8535
78	0	0	29	1.0000	32.2054
1494	1	30	0	1.0000	285.1020
268	0	24	0	1.0000	204.5011
1825	0	2	19	0.9048	70.7552
747	0	0	22	1.0000	175.9963
1695	0	42	0	1.0000	0.0000
1127	1	20	0	1.0000	219.4165
132	0	11	10	0.5238	59.9226
1445	0	6	16	0.7273	167.7838
1599	0	20	0	1.0000	265.2734
697	1	2	16	0.8889	1359.8404
53	1	1	23	0.9583	371.6902
1366	0	21	6	0.7778	71.2702
1615	1	0	27	1.0000	285.3472
337	1	30	0	1.0000	289.6944
1350	1	31	0	1.0000	225.0829
744	1	0	21	1.0000	278.7245
9	1	1	28	0.9655	68.5672
935	1	0	24	1.0000	289.6568
303	0	41	0	1.0000	0.0000
1343	0	0	29	1.0000	0.0000
1767	0	43	0	1.0000	0.0000
340	0	26	0	1.0000	306.3704
1934	0	9	8	0.5294	78.6487
421	1	0	23	1.0000	103.2630
1611	0	0	29	1.0000	315.1134
258	1	33	0	1.0000	253.2021
542	0	0	21	1.0000	316.0341
1309	1	2	29	0.9355	292.7306
1910	0	19	24	0.5581	0.0000
913	0	32	19	0.6275	0.0000
1507	0	19	26	0.5778	0.0000
496	1	8	14	0.6364	45.7222
153	0	7	13	0.6500	1089.4656
1880	0	16	19	0.5429	0.0000
777	1	0	25	1.0000	262.7882
382	0	3	20	0.8696	69.3398
401	0	28	2	0.9333	66.6231
1357	1	14	10	0.5833	58.8041
1562	1	27	1	0.9643	93.8490
1277	1	7	17	0.7083	51.4536
779	1	1	37	0.9737	187.9966
1712	0	8	10	0.5556	64.2303
729	0	0	25	1.0000	229.7853
942	0	2	24	0.9231	104.1806
597	1	26	0	1.0000	280.3542
1795	0	16	19	0.5429	0.0000
369	1	24	11	0.6857	50.4878
1529	0	0	34	1.0000	0.0000
427	0	9	6	0.6000	43.3444
687	0	36	0	1.0000	272.8022
222	1	22	4	0.8462	64.2690
492	1	19	1	0.9500	66.4325
1480	0	0	21	1.0000	0.0000
824	0	35	37	0.5139	0.0000
188	0	0	22	1.0000	176.5975
444	0	13	9	0.5909	48.5634
1052	1	27	0	1.0000	348.6557
121	1	19	3	0.8636	137.2680
1144	1	0	33	1.0000	310.1700
1881	0	19	24	0.5581	0.0000
357	1	31	1	0.9688	369.0666
1016	1	36	0	1.0000	350.3953
1789	1	7	8	0.5333	239.3019
1277	0	14	13	0.5185	51.4536
216	0	16	17	0.5152	61.0297
597	0	0	27	1.0000	280.3542
629	0	24	16	0.6000	0.0000
1157	0	2	22	0.9167	74.4839
1879	0	18	21	0.5385	0.0000
640	0	0	30	1.0000	0.0000
150	2	10	7	0.5882	1440.4547
1429	0	31	27	0.5345	0.0000
1053	0	0	22	1.0000	312.5032
914	1	29	0	1.0000	258.2478
570	0	0	27	1.0000	276.3399
177	0	27	0	1.0000	196.7534
712	1	17	10	0.6296	33.4076
993	0	21	16	0.5676	41.9380
1105	0	29	0	1.0000	196.4126
1338	0	30	2	0.9375	156.5496
390	0	28	0	1.0000	279.4341
708	1	1	30	0.9677	349.2882
709	1	0	26	1.0000	286.9928
1189	1	2	19	0.9048	118.1765
1645	0	0	16	1.0000	200.0521
319	1	15	17	0.5312	62.3765
874	0	11	14	0.5600	61.5183
72	0	25	20	0.5556	0.0000
24	0	26	0	1.0000	299.0175
464	1	22	4	0.8462	86.9629
294	0	22	6	0.7857	67.9012
1326	1	18	17	0.5143	44.4796
649	1	20	14	0.5882	44.5275
561	1	1	24	0.9600	92.7130
1354	0	0	31	1.0000	344.4464
1501	1	29	0	1.0000	345.5844
886	0	1	28	0.9655	245.2967
349	0	29	1	0.9667	106.1364
1255	0	0	20	1.0000	104.8113
1204	1	2	31	0.9394	84.9763
187	0	0	27	1.0000	189.6405
31	0	0	28	1.0000	337.6588
18	0	29	2	0.9355	77.2543
816	1	13	9	0.5909	52.6085
116	0	12	11	0.5217	73.4636
675	0	26	0	1.0000	298.1056
732	1	33	0	1.0000	330.1116
402	1	28	0	1.0000	126.0182
206	0	17	25	0.5952	43.7372
741	1	3	23	0.8846	101.2615
1703	0	27	2	0.9310	119.1002
493	1	23	0	1.0000	153.8205
211	0	30	0	1.0000	282.1732
134	0	0	23	1.0000	250.7310
1270	1	24	0	1.0000	340.0680
1466	0	14	19	0.5758	47.6156
760	1	1	31	0.9688	162.0110
927	0	0	21	1.0000	247.5144
1248	2	17	13	0.5667	2484.9854
564	1	19	9	0.6786	66.6244
740	1	22	1	0.9565	64.6212
1047	1	24	3	0.8889	73.6410
1404	0	20	1	0.9524	254.4615
1581	0	20	2	0.9091	107.8532
365	0	0	33	1.0000	0.0000
1081	0	24	1	0.9600	256.6970
471	0	22	3	0.8800	64.1988
33	0	29	1	0.9667	419.5273
1635	0	0	37	1.0000	0.0000
422	1	13	13	0.5000	37.6632
665	0	0	21	1.0000	176.4641
1898	0	23	15	0.6053	0.0000
560	0	0	25	1.0000	177.8484
714	1	0	18	1.0000	247.1030
1800	0	20	14	0.5882	0.0000
1341	0	23	21	0.5227	0.0000
1283	1	1	21	0.9545	76.3980
376	1	1	27	0.9643	418.5149
607	1	23	2	0.9200	248.3267
631	0	27	29	0.5179	0.0000
661	0	11	21	0.6562	38.9289
674	1	1	32	0.9697	222.5747
557	0	2	27	0.9310	132.6239
1309	0	32	0	1.0000	292.7306
1293	1	0	18	1.0000	221.7679
727	1	13	16	0.5517	52.5299
19	0	15	13	0.5357	44.2832
590	1	15	14	0.5172	82.5900
1018	1	25	0	1.0000	177.8698
397	0	0	25	1.0000	0.0000
918	0	24	28	0.5385	0.0000
558	0	10	17	0.6296	68.4389
322	0	22	12	0.6471	40.9863
488	0	31	2	0.9394	234.0300
713	0	31	0	1.0000	160.0180
348	0	0	25	1.0000	167.7749
951	0	23	5	0.8214	58.3177
1284	0	2	27	0.9310	82.4114
744	0	25	0	1.0000	278.7245
569	0	1	25	0.9615	140.0456
623	0	1	24	0.9600	77.5330
740	0	3	26	0.8966	64.6212
484	1	25	0	1.0000	255.7834
796	0	32	21	0.6038	0.0000
846	1	0	16	1.0000	58.9111
632	0	12	8	0.6000	84.8133
521	0	13	11	0.5417	58.9716
272	1	29	3	0.9062	207.9522
897	1	0	28	1.0000	278.2355
418	1	0	29	1.0000	187.0800
1598	0	0	34	1.0000	0.0000
394	0	28	0	1.0000	212.8053
543	2	1	36	0.9730	597.0754
178	0	29	0	1.0000	123.2989
1093	0	0	28	1.0000	0.0000
1532	0	0	30	1.0000	117.2201
1569	1	4	14	0.7778	126.2556
1279	1	1	26	0.9630	77.5165
710	1	0	25	1.0000	247.6513
1395	0	16	0	1.0000	0.0000
538	1	12	19	0.6129	49.9971
472	0	20	5	0.8000	86.9569
20	1	11	10	0.5238	37.9839
1267	0	0	16	1.0000	0.0000
409	1	25	0	1.0000	196.8200
159	0	21	6	0.7778	94.0945
1433	1	1	16	0.9412	136.7607
1500	0	19	6	0.7600	69.1112
1200	1	4	27	0.8710	92.5044
996	1	24	0	1.0000	352.0094
138	1	0	33	1.0000	179.2600
579	1	23	0	1.0000	129.3203
139	1	0	33	1.0000	190.7508
645	0	30	34	0.5312	0.0000
102	1	20	5	0.8000	77.8363
1352	1	0	21	1.0000	249.2931
1652	1	0	24	1.0000	234.2436
1674	0	0	18	1.0000	256.7851
1545	0	29	0	1.0000	0.0000
794	0	10	22	0.6875	36.7725
1229	1	15	18	0.5455	45.7815
719	0	2	25	0.9259	286.3196
1026	0	0	24	1.0000	214.1963
726	0	13	10	0.5652	55.4082
325	1	10	10	0.5000	54.5661
1565	0	43	0	1.0000	282.4436
1539	1	17	0	1.0000	176.8159
592	1	34	0	1.0000	135.9814
773	0	0	25	1.0000	299.7433
1147	0	0	25	1.0000	0.0000
266	0	0	27	1.0000	194.0429
731	1	32	0	1.0000	180.4293
264	0	34	0	1.0000	0.0000
1488	0	27	0	1.0000	175.2556
1592	1	24	10	0.7059	89.4697
220	0	12	18	0.6000	42.8760
1698	0	18	15	0.5455	72.4267
1513	1	16	17	0.5152	55.4881
150	3	13	7	0.6500	1440.4547
802	0	19	0	1.0000	0.0000
1123	0	41	31	0.5694	0.0000
1178	1	23	2	0.9200	106.9122
1569	2	7	11	0.6111	126.2556
164	0	10	10	0.5000	40.8401
1580	1	31	0	1.0000	162.2293
677	1	2	21	0.9130	48.9574
1070	0	9	8	0.5294	83.8488
1515	0	31	0	1.0000	210.3215
302	0	0	30	1.0000	154.7883
1703	1	2	23	0.9200	119.1002
1492	1	26	3	0.8966	53.3011
1627	0	25	0	1.0000	0.0000
308	1	0	20	1.0000	203.1324
551	1	12	11	0.5217	57.3233
576	0	20	0	1.0000	110.4550
1860	0	19	18	0.5135	0.0000
841	1	2	47	0.9592	3458.8883
1258	1	21	0	1.0000	556.0022
1494	0	0	26	1.0000	285.1020
1043	0	16	3	0.8421	65.5226
1436	0	29	0	1.0000	0.0000
1630	0	22	0	1.0000	0.0000
1770	0	0	29	1.0000	0.0000
1095	1	7	11	0.6111	45.6410
1932	1	3	6	0.6667	170.3324
593	0	12	8	0.6000	46.0897
818	0	6	24	0.8000	87.8292
582	0	16	6	0.7273	66.6998
1631	0	22	0	1.0000	0.0000
984	1	25	0	1.0000	294.8241
1805	0	14	0	1.0000	0.0000
1869	1	14	7	0.6667	54.3239
793	0	0	34	1.0000	175.0143
142	0	0	22	1.0000	266.6675
1474	1	9	11	0.5500	41.8835
775	0	1	24	0.9600	112.8743
1435	0	26	0	1.0000	229.3720
1312	1	0	27	1.0000	321.2345
441	0	18	31	0.6327	75.7280
704	0	33	0	1.0000	0.0000
188	1	18	1	0.9474	176.5975
520	2	6	10	0.6250	395.7568
1360	1	0	25	1.0000	135.9124
864	1	13	9	0.5909	34.7886
1470	1	0	31	1.0000	200.4877
836	0	2	29	0.9355	137.5080
1049	1	0	28	1.0000	214.3492
305	0	26	0	1.0000	0.0000
706	0	28	0	1.0000	248.1584
1660	1	0	26	1.0000	226.8194
1620	0	12	5	0.7059	58.6487
1071	1	0	17	1.0000	179.5958
909	1	17	4	0.8095	118.0219
801	0	16	0	1.0000	0.0000
1423	0	18	1	0.9474	211.8906
101	0	11	14	0.5600	48.9273
942	1	34	1	0.9714	104.1806
320	0	29	17	0.6304	61.7757
618	1	10	11	0.5238	38.7414
1151	0	0	24	1.0000	272.7623
516	0	5	20	0.8000	63.0566
898	1	0	27	1.0000	257.9746
992	0	27	0	1.0000	266.9865
39	1	21	0	1.0000	196.4655
1020	1	33	10	0.7674	61.7360
1255	1	22	2	0.9167	104.8113
84	1	1	30	0.9677	283.7811
289	0	22	0	1.0000	0.0000
1094	0	19	0	1.0000	231.0720
1826	0	19	18	0.5135	0.0000
1184	0	26	26	0.5000	0.0000
426	1	12	16	0.5714	51.0765
1237	0	3	30	0.9091	118.4397
131	0	0	28	1.0000	0.0000
6	1	18	13	0.5806	34.4473
699	0	5	22	0.8148	80.6488
109	1	0	34	1.0000	199.6128
694	1	13	17	0.5667	46.2749
663	0	15	8	0.6522	52.6107
50	0	0	24	1.0000	0.0000
1672	0	8	10	0.5556	60.9047
864	0	17	12	0.5862	34.7886
161	1	8	23	0.7419	86.7707
262	0	0	33	1.0000	408.8803
187	1	18	0	1.0000	189.6405
1388	1	0	22	1.0000	265.9155
464	0	5	21	0.8077	86.9629
1095	0	15	11	0.5769	45.6410
920	0	2	25	0.9259	52.4435
435	1	0	25	1.0000	231.0879
384	1	24	0	1.0000	253.9054
1249	0	16	13	0.5517	36.9012
393	1	21	0	1.0000	111.9942
806	1	16	13	0.5517	50.1567
288	0	22	0	1.0000	0.0000
1744	0	0	31	1.0000	83.3406
624	0	13	16	0.5517	44.7560
1044	0	11	12	0.5217	44.0058
534	0	23	0	1.0000	136.0653
703	0	26	0	1.0000	0.0000
1318	0	17	5	0.7727	61.1172
693	1	11	7	0.6111	40.6134
798	1	5	17	0.7727	71.9958
1127	0	0	28	1.0000	219.4165
856	1	23	1	0.9583	229.0273
377	0	36	0	1.0000	429.4369
1001	0	33	21	0.6111	0.0000
1120	1	1	27	0.9643	307.4324
1050	0	22	0	1.0000	208.4520
1558	0	37	0	1.0000	0.0000
437	0	33	1	0.9706	252.4033
1601	0	16	0	1.0000	0.0000
1327	1	0	27	1.0000	274.8157
179	0	4	19	0.8261	71.8505
1656	0	10	21	0.6774	49.3722
1269	0	0	18	1.0000	0.0000
1375	0	28	0	1.0000	173.6784
1068	0	1	30	0.9677	103.4542
832	1	2	29	0.9355	76.7716
1804	0	14	0	1.0000	0.0000
1310	0	27	0	1.0000	178.0558
1097	0	4	27	0.8710	94.7988
1043	1	8	19	0.7037	65.5226
1107	1	0	28	1.0000	163.6268
739	0	4	21	0.8400	73.3996
1228	0	27	1	0.9643	156.3509
108	1	26	0	1.0000	389.6419
1399	1	24	0	1.0000	135.6395
1254	1	11	15	0.5769	36.4447
573	0	24	0	1.0000	217.0660
598	1	26	0	1.0000	254.5051
939	0	2	28	0.9333	162.2233
177	1	0	26	1.0000	196.7534
1636	1	5	19	0.7917	1395.4496
598	0	0	21	1.0000	254.5051
1230	1	25	0	1.0000	96.7873
880	0	0	28	1.0000	102.9911
914	0	1	33	0.9706	258.2478
926	1	1	19	0.9500	130.1211
1552	1	0	23	1.0000	131.5856
1083	0	35	32	0.5224	0.0000
1103	0	7	14	0.6667	40.2033
1563	0	27	0	1.0000	992.9097
728	0	20	9	0.6897	46.0500
241	1	21	0	1.0000	181.2315
800	0	21	2	0.9130	109.2866
518	0	27	2	0.9310	78.9093
64	1	3	29	0.9062	96.9578
981	1	21	1	0.9545	257.6908
33	1	0	34	1.0000	419.5273
939	1	30	0	1.0000	162.2233
1319	1	27	1	0.9643	189.7902
931	1	17	8	0.6800	93.9038
780	0	26	7	0.7879	102.9239
83	0	28	17	0.6222	61.9265
1325	1	0	24	1.0000	254.5871
447	0	30	0	1.0000	189.6809
588	0	9	15	0.6250	58.0560
1661	1	23	0	1.0000	187.8922
1636	3	18	2	0.9000	1395.4496
859	0	30	0	1.0000	267.8344
553	1	1	24	0.9600	187.9879
1273	0	34	21	0.6182	0.0000
1549	0	28	0	1.0000	0.0000
1205	1	34	0	1.0000	217.6090
1539	0	0	30	1.0000	176.8159
1691	1	21	1	0.9545	54.5555
1324	1	0	21	1.0000	272.5779
141	1	0	25	1.0000	367.2083
180	1	8	9	0.5294	45.8388
819	1	12	9	0.5714	54.5962
160	1	26	0	1.0000	239.3782
223	1	26	1	0.9630	84.5730
1308	0	2	29	0.9355	144.7400
368	1	16	15	0.5161	69.5851
1708	0	24	1	0.9600	54.6017
1119	1	35	2	0.9459	192.8894
974	0	1	20	0.9524	62.5295
606	1	20	1	0.9524	224.5772
1152	0	0	22	1.0000	235.7548
1294	0	9	32	0.7805	294.0199
1525	0	25	2	0.9259	321.2831
74	0	10	16	0.6154	62.2887
1271	0	29	0	1.0000	64.4733
421	0	19	2	0.9048	103.2630
61	1	0	16	1.0000	189.1494
1345	1	21	22	0.5116	81.3434
943	0	28	2	0.9333	81.7012
390	1	0	30	1.0000	279.4341
1577	1	1	22	0.9565	129.7595
718	0	0	26	1.0000	304.3222
936	0	0	33	1.0000	258.7913
1143	1	28	0	1.0000	98.8957
1498	0	61	24	0.7176	4937.4704
1658	0	0	29	1.0000	0.0000
269	0	1	23	0.9583	121.2973
423	1	25	0	1.0000	198.7428
200	4	0	25	1.0000	3372.0492
113	1	20	12	0.6250	36.8328
343	0	3	23	0.8846	59.0335
638	0	32	0	1.0000	351.8891
656	0	25	29	0.5370	0.0000
1012	0	30	24	0.5556	0.0000
309	1	26	2	0.9286	196.6024
547	2	0	36	1.0000	649.2745
1691	0	1	21	0.9545	54.5555
1370	1	0	33	1.0000	205.8687
919	0	23	20	0.5349	0.0000
1259	0	23	0	1.0000	204.2588
313	1	0	23	1.0000	209.0952
893	1	11	16	0.5926	57.1930
435	0	23	1	0.9583	231.0879
1643	0	0	34	1.0000	0.0000
335	0	31	0	1.0000	64.9240
1582	0	22	2	0.9167	87.1151
247	0	7	10	0.5882	36.7214
988	0	0	22	1.0000	230.0440
1242	0	6	14	0.7000	52.7537
1295	0	30	0	1.0000	202.9003
992	1	0	25	1.0000	266.9865
86	1	38	1	0.9744	362.2954
1087	0	0	30	1.0000	0.0000
616	1	22	4	0.8462	165.9074
905	0	0	32	1.0000	0.0000
1411	1	0	22	1.0000	333.1453
57	0	11	15	0.5769	43.2314
135	1	20	0	1.0000	282.4477
1763	0	0	24	1.0000	283.1164
82	1	1	26	0.9630	138.9485
1857	0	20	18	0.5263	0.0000
900	1	0	34	1.0000	555.0743
1351	0	27	0	1.0000	309.8321
1207	1	28	0	1.0000	244.6417
1201	1	0	27	1.0000	218.3317
1717	0	0	33	1.0000	255.3831
44	0	26	26	0.5000	1311.5147
710	0	24	0	1.0000	247.6513
1504	0	32	0	1.0000	0.0000
1640	0	35	1	0.9722	158.6511
602	0	36	0	1.0000	325.2003
697	0	32	1	0.9697	1359.8404
941	0	6	21	0.7778	161.5992
25	0	0	19	1.0000	244.7704
723	0	31	0	1.0000	301.8319
318	2	1	22	0.9565	763.2707
1728	1	0	25	1.0000	306.1021
1226	1	2	25	0.9259	285.7974
1153	0	3	14	0.8235	86.8105
861	1	27	0	1.0000	182.3318
1893	0	15	20	0.5714	0.0000
29	0	16	15	0.5161	89.1943
497	1	22	2	0.9167	83.7802
1906	0	21	16	0.5676	55.1852
40	0	32	0	1.0000	446.4143
257	1	25	1	0.9615	99.5686
283	0	28	1	0.9655	183.4874
753	1	0	29	1.0000	294.1173
1775	0	28	0	1.0000	0.0000
1553	0	26	0	1.0000	194.5428
747	1	20	0	1.0000	175.9963
562	1	10	12	0.5455	45.6204
471	1	1	24	0.9600	64.1988
1224	0	0	34	1.0000	0.0000
1076	0	21	0	1.0000	0.0000
1404	1	0	34	1.0000	254.4615
725	1	22	2	0.9167	82.3943
1103	1	27	3	0.9000	40.2033
1641	0	37	0	1.0000	314.4686
771	0	1	31	0.9688	160.4077
526	0	0	30	1.0000	0.0000
420	1	21	0	1.0000	208.3874
434	1	0	24	1.0000	191.9884
347	0	1	25	0.9615	0.0000
1264	0	0	28	1.0000	0.0000
1472	1	21	1	0.9545	122.8066
184	0	30	0	1.0000	0.0000
468	1	1	22	0.9565	179.7054
1120	0	37	0	1.0000	307.4324
1538	1	16	0	1.0000	152.0170
923	0	26	19	0.5778	0.0000
797	0	18	15	0.5455	64.2902
1900	1	2	16	0.8889	81.7261
1476	0	9	9	0.5000	47.1347
667	1	11	10	0.5238	55.3534
1042	0	9	9	0.5000	47.8434
601	1	0	28	1.0000	193.1307
930	0	24	0	1.0000	281.1491
1766	0	5	19	0.7917	69.2123
1059	0	0	30	1.0000	0.0000
814	1	28	0	1.0000	257.4829
102	0	1	30	0.9677	77.8363
893	0	15	15	0.5000	57.1930
285	1	23	0	1.0000	204.7519
117	0	14	10	0.5833	44.6283
70	0	38	0	1.0000	0.0000
1015	1	31	0	1.0000	335.7450
1238	1	1	28	0.9655	137.6246
1424	1	0	27	1.0000	217.1455
1459	1	21	12	0.6364	48.5267
973	0	0	23	1.0000	293.4744
1682	0	5	11	0.6875	67.5567
514	1	8	10	0.5556	41.7768
1886	0	22	24	0.5217	0.0000
1505	0	33	0	1.0000	0.0000
609	1	16	17	0.5152	39.9881
1646	0	0	16	1.0000	180.8848
1417	0	35	0	1.0000	0.0000
96	1	16	5	0.7619	52.0475
1094	1	0	23	1.0000	231.0720
1597	0	0	38	1.0000	0.0000
162	1	26	0	1.0000	139.6750
1371	1	7	8	0.5333	41.3512
1208	1	1	15	0.9375	298.0216
221	1	12	15	0.5556	39.3378
241	0	0	30	1.0000	181.2315
1615	0	35	0	1.0000	285.3472
358	0	22	0	1.0000	312.7713
834	1	22	0	1.0000	194.3175
1225	0	0	27	1.0000	0.0000
1063	0	12	13	0.5200	60.9793
233	1	17	8	0.6800	37.0198
1874	0	17	19	0.5278	0.0000
752	1	29	2	0.9355	85.9199
1753	1	12	10	0.5455	455.9287
1498	1	14	17	0.5484	4937.4704
205	1	16	8	0.6667	48.9362
332	0	26	0	1.0000	0.0000
1381	1	33	0	1.0000	276.4799
895	0	15	20	0.5714	103.8816
1320	0	31	0	1.0000	123.1303
89	0	9	10	0.5263	66.6082
1457	0	21	0	1.0000	0.0000
295	1	23	22	0.5111	44.0226
466	0	21	4	0.8400	74.1938
302	1	21	2	0.9130	154.7883
1296	0	0	19	1.0000	216.3697
101	1	15	15	0.5000	48.9273
793	1	16	0	1.0000	175.0143
66	1	25	23	0.5208	71.6573
482	0	16	11	0.5926	39.1601
616	0	0	30	1.0000	165.9074
513	1	21	2	0.9130	73.8816
411	1	27	1	0.9643	263.2248
633	0	28	26	0.5185	0.0000
998	1	0	26	1.0000	237.0660
1823	0	18	18	0.5000	0.0000
314	1	0	23	1.0000	151.1328
455	2	1	24	0.9600	793.2184
1102	1	29	16	0.6444	157.3481
190	1	11	21	0.6562	100.0190
240	1	11	15	0.5769	50.9892
1696	0	44	0	1.0000	0.0000
983	0	36	0	1.0000	326.6190
678	0	10	14	0.5833	53.7674
584	0	23	29	0.5577	0.0000
1679	0	25	0	1.0000	344.1690
7	0	22	22	0.5000	0.0000
1248	1	27	25	0.5192	2484.9854
1854	0	11	12	0.5217	115.9202
1716	1	23	0	1.0000	324.2938
450	1	31	0	1.0000	321.8406
554	1	27	3	0.9000	79.0496
1526	1	29	1	0.9667	250.3985
1202	1	18	0	1.0000	277.9631
1282	1	13	5	0.7222	56.5399
1368	1	15	15	0.5000	53.5805
1017	0	13	16	0.5517	40.4793
791	1	2	26	0.9286	230.1690
666	1	1	23	0.9583	258.3651
1266	1	25	0	1.0000	211.7115
1240	0	11	31	0.7381	92.8818
1386	1	1	18	0.9474	209.1989
1231	0	30	0	1.0000	0.0000
682	0	20	0	1.0000	239.3228
1136	0	21	22	0.5116	0.0000
313	0	35	0	1.0000	209.0952
1497	0	26	0	1.0000	137.8042
1562	0	2	29	0.9355	93.8490
1321	1	33	0	1.0000	327.3611
1449	0	25	28	0.5283	0.0000
1519	1	13	15	0.5357	73.8975
693	0	15	19	0.5588	40.6134
603	1	18	9	0.6667	70.5080
650	1	0	32	1.0000	286.1986
696	0	3	26	0.8966	172.2507
1425	0	23	1	0.9583	44.6611
761	1	0	33	1.0000	178.3157
722	0	0	30	1.0000	278.1548
1244	1	24	1	0.9600	79.7738
473	1	10	11	0.5238	38.4662
1036	1	0	33	1.0000	162.5118
440	1	1	25	0.9615	170.9844
1438	0	15	13	0.5357	53.0246
1011	1	21	2	0.9130	153.2449
477	1	1	20	0.9524	199.6977
1714	0	1	26	0.9630	175.7784
36	0	0	31	1.0000	300.1597
1728	0	32	0	1.0000	306.1021
194	1	20	15	0.5714	58.5048
157	1	20	1	0.9524	239.5382
934	1	13	21	0.6176	60.3104
1085	0	24	13	0.6486	66.4146
1660	0	24	1	0.9600	226.8194
583	0	0	26	1.0000	229.7446
404	0	22	2	0.9167	125.9864
378	0	0	39	1.0000	382.1028
418	0	32	0	1.0000	187.0800
591	0	33	1	0.9706	62.2185
1705	0	30	2	0.9375	161.5493
1377	0	31	39	0.5571	0.0000
1666	0	0	21	1.0000	873.9503
1016	0	0	34	1.0000	350.3953
1648	1	14	10	0.5833	31.8267
117	1	19	18	0.5135	44.6283
1520	1	0	27	1.0000	631.6443
721	0	22	0	1.0000	0.0000
735	1	30	0	1.0000	318.5471
1235	0	0	28	1.0000	0.0000
273	0	1	25	0.9615	248.6712
1419	0	39	0	1.0000	0.0000
860	0	1	26	0.9630	89.5984
1291	0	28	0	1.0000	242.3826
723	1	0	31	1.0000	301.8319
169	1	24	25	0.5102	47.6786
442	0	21	0	1.0000	229.4612
1537	1	0	27	1.0000	284.0726
1692	1	1	22	0.9565	84.9976
1128	0	8	19	0.7037	66.6495
1548	0	27	0	1.0000	0.0000
853	1	6	18	0.7500	38.9852
155	1	0	37	1.0000	330.3314
1053	1	26	0	1.0000	312.5032
1084	1	5	27	0.8438	96.6989
87	1	4	26	0.8667	177.6085
1842	0	19	14	0.5758	0.0000
1189	0	27	0	1.0000	118.1765
23	1	29	0	1.0000	304.1017
406	1	0	24	1.0000	279.0244
112	0	24	0	1.0000	0.0000
1590	0	22	20	0.5238	41.0645
888	1	10	8	0.5556	34.1340
701	0	24	0	1.0000	0.0000
318	4	1	0	1.0000	763.2707
1352	0	36	0	1.0000	249.2931
354	0	0	27	1.0000	252.1247
999	1	0	37	1.0000	198.0037
1195	0	4	25	0.8621	174.5234
1007	0	0	31	1.0000	0.0000
384	0	0	31	1.0000	253.9054
546	2	0	28	1.0000	621.8635
124	1	0	25	1.0000	188.4989
1811	0	22	14	0.6111	0.0000
1656	1	14	4	0.7778	49.3722
787	0	27	0	1.0000	0.0000
807	0	1	19	0.9500	194.9785
1633	0	0	36	1.0000	0.0000
68	1	15	31	0.6739	92.4734
1307	0	29	24	0.5472	0.0000
1637	0	0	22	1.0000	0.0000
536	0	29	0	1.0000	310.5932
1831	0	10	6	0.6250	151.1698
1450	0	33	0	1.0000	246.9403
428	1	32	4	0.8889	66.0787
1684	0	29	0	1.0000	226.0688
602	1	2	32	0.9412	325.2003
995	0	25	0	1.0000	240.2797
504	0	0	28	1.0000	114.8791
1236	0	0	29	1.0000	417.7438
488	1	0	22	1.0000	234.0300
1765	1	27	1	0.9643	150.0695
1342	0	31	22	0.5849	0.0000
1035	0	8	11	0.5789	43.1517
425	0	0	28	1.0000	156.9553
429	1	5	29	0.8529	81.9586
561	0	30	0	1.0000	92.7130
108	0	0	32	1.0000	389.6419
1383	0	22	25	0.5319	0.0000
670	0	30	1	0.9677	201.5772
1140	1	0	30	1.0000	109.2084
648	0	21	21	0.5000	117.1414
1479	0	24	21	0.5333	0.0000
270	0	26	0	1.0000	231.2423
212	0	0	24	1.0000	240.4427
1424	0	22	0	1.0000	217.1455
1215	1	0	29	1.0000	314.8060
1408	0	31	0	1.0000	293.0599
337	0	0	31	1.0000	289.6944
1540	0	25	3	0.8929	159.8671
1933	0	9	9	0.5000	280.7751
871	1	14	11	0.5600	38.7159
540	1	19	0	1.0000	175.9237
1330	1	24	4	0.8571	70.7476
1134	0	1	23	0.9583	93.1456
1610	0	0	31	1.0000	0.0000
1256	0	21	22	0.5116	0.0000
1909	1	12	5	0.7059	36.9490
1216	0	32	1	0.9697	106.8075
573	1	0	26	1.0000	217.0660
525	0	12	17	0.5862	34.7010
982	1	1	23	0.9583	228.3189
1046	0	9	17	0.6538	34.4337
1496	1	30	0	1.0000	301.9174
1584	0	23	0	1.0000	0.0000
1735	0	9	16	0.6400	46.9934
1568	1	0	25	1.0000	289.3079
1105	1	0	25	1.0000	196.4126
1821	0	31	19	0.6200	0.0000
1292	0	32	0	1.0000	234.2503
867	0	0	34	1.0000	346.4894
482	1	11	10	0.5238	39.1601
1916	1	1	19	0.9500	61.3713
490	1	0	39	1.0000	285.2705
1428	0	38	30	0.5588	0.0000
1863	0	2	16	0.8889	48.8791
1185	0	20	1	0.9524	124.2971
1086	1	7	20	0.7407	85.3594
1848	0	11	11	0.5000	329.4988
908	1	7	35	0.8333	89.5228
1355	0	27	0	1.0000	185.1236
209	1	23	0	1.0000	251.5094
690	1	19	9	0.6786	50.9569
1367	1	23	0	1.0000	185.5766
394	1	1	22	0.9565	212.8053
971	0	28	0	1.0000	0.0000
1844	1	11	4	0.7333	39.1338
1546	0	28	0	1.0000	0.0000
783	0	23	0	1.0000	0.0000
1550	1	0	36	1.0000	365.1749
1928	1	12	3	0.8000	356.0444
625	0	20	2	0.9091	61.0402
1116	1	0	19	1.0000	220.9925
910	0	1	25	0.9615	178.7799
132	1	25	21	0.5435	59.9226
1300	0	18	0	1.0000	62.9949
1069	0	5	27	0.8438	96.0313
870	0	16	18	0.5294	42.0646
966	1	24	0	1.0000	236.2688
1648	0	11	14	0.5600	31.8267
272	0	1	23	0.9583	207.9522
146	0	0	39	1.0000	0.0000
1018	0	0	28	1.0000	177.8698
763	0	0	35	1.0000	235.4307
581	0	25	0	1.0000	316.8318
1614	1	22	2	0.9167	203.7068
1636	2	36	0	1.0000	1395.4496
565	0	25	0	1.0000	291.9717
1199	0	1	24	0.9600	163.1175
1141	1	34	0	1.0000	277.3100
1373	0	5	10	0.6667	52.8011
1326	0	11	12	0.5217	44.4796
204	1	24	19	0.5581	61.6015
1727	0	0	31	1.0000	0.0000
814	0	0	27	1.0000	257.4829
761	0	17	0	1.0000	178.3157
1867	0	16	21	0.5676	0.0000
62	1	23	6	0.7931	181.6728
859	1	1	27	0.9643	267.8344
1671	0	25	19	0.5682	0.0000
92	0	31	0	1.0000	317.1356
1644	1	0	17	1.0000	344.6395
1915	0	16	21	0.5676	0.0000
702	0	26	0	1.0000	0.0000
1609	0	7	21	0.7500	74.6880
380	1	9	8	0.5294	109.6080
711	1	23	0	1.0000	70.7528
59	1	23	0	1.0000	209.6296
1064	1	16	10	0.6154	75.4814
1434	0	29	0	1.0000	289.0870
637	1	36	0	1.0000	267.8257
1285	1	0	22	1.0000	121.2144
911	1	26	0	1.0000	199.8334
1330	0	4	15	0.7895	70.7476
936	1	24	1	0.9600	258.7913
1721	0	0	23	1.0000	0.0000
1649	1	2	20	0.9091	57.6417
1525	1	0	33	1.0000	321.2831
154	0	0	34	1.0000	309.2228
245	0	15	21	0.5833	37.9590
724	1	0	35	1.0000	359.7711
457	0	34	1	0.9714	122.0841
1391	0	22	0	1.0000	0.0000
1331	0	3	29	0.9062	377.4665
4	1	0	19	1.0000	209.0514
1503	0	39	0	1.0000	0.0000
1722	1	8	11	0.5789	59.0645
149	1	19	16	0.5429	44.1240
861	0	2	16	0.8889	182.3318
1054	1	29	0	1.0000	276.2401
1082	0	13	10	0.5652	74.0331
1774	0	10	13	0.5652	43.5730
1216	1	3	32	0.9143	106.8075
312	0	32	0	1.0000	171.9680
1510	0	0	23	1.0000	241.0530
1111	0	22	1	0.9565	188.7059
492	0	2	27	0.9310	66.4325
1179	1	1	25	0.9615	146.9347
389	0	0	43	1.0000	0.0000
538	0	12	4	0.7500	49.9971
1534	0	0	25	1.0000	260.5835
1080	0	0	26	1.0000	0.0000
407	1	0	25	1.0000	319.2776
36	1	25	1	0.9615	300.1597
558	1	19	1	0.9500	68.4389
1144	0	30	0	1.0000	310.1700
1465	0	0	32	1.0000	0.0000
1271	1	2	23	0.9200	64.4733
240	0	12	12	0.5000	50.9892
940	1	30	6	0.8333	71.9335
1384	1	10	13	0.5652	42.5194
456	1	21	0	1.0000	78.7836
1844	0	5	13	0.7222	39.1338
1576	1	0	17	1.0000	127.0804
1677	0	34	0	1.0000	337.5307
115	1	10	7	0.5882	42.5219
1694	0	40	0	1.0000	0.0000
1361	0	22	1	0.9565	164.1256
1616	0	40	0	1.0000	319.7796
588	1	24	13	0.6486	58.0560
1142	1	1	24	0.9600	280.7622
664	1	0	24	1.0000	250.5598
161	0	27	5	0.8438	86.7707
1632	0	0	35	1.0000	0.0000
1613	1	2	27	0.9310	312.3255
219	0	0	24	1.0000	0.0000
249	1	5	19	0.7917	89.5499
1372	1	0	24	1.0000	154.7918
1683	0	1	22	0.9565	75.9888
808	0	15	12	0.5556	71.0756
1815	0	13	13	0.5000	49.8447
355	0	32	0	1.0000	296.4108
844	0	40	0	1.0000	0.0000
391	0	0	27	1.0000	295.0431
831	0	43	0	1.0000	0.0000
1359	0	0	31	1.0000	335.5936
1210	1	0	30	1.0000	317.3664
749	1	12	9	0.5714	44.0499
1684	1	0	24	1.0000	226.0688
1458	1	2	24	0.9231	81.5377
1110	1	0	26	1.0000	254.6348
679	1	20	6	0.7692	46.6434
1472	0	0	30	1.0000	122.8066
568	1	19	0	1.0000	172.9415
1909	0	6	11	0.6471	36.9490
473	0	16	18	0.5294	38.4662
322	1	13	7	0.6500	40.9863
344	0	4	22	0.8462	58.2882
32	0	28	0	1.0000	507.9984
135	0	1	26	0.9630	282.4477
872	0	31	1	0.9688	89.4771
115	0	18	19	0.5135	42.5219
1890	0	20	0	1.0000	43.6280
1884	0	23	22	0.5111	0.0000
896	0	13	16	0.5517	54.2230
1639	0	30	0	1.0000	255.0524
1920	0	12	7	0.6316	143.7414
1836	0	26	19	0.5778	0.0000
987	1	25	0	1.0000	306.7406
1628	1	14	12	0.5385	32.8740
361	1	0	29	1.0000	276.9066
503	1	22	0	1.0000	308.7453
944	1	27	0	1.0000	132.3349
1096	0	23	0	1.0000	250.5315
1846	0	23	30	0.5660	0.0000
1757	0	19	1	0.9500	278.0009
1446	0	34	0	1.0000	215.8299
243	0	13	10	0.5652	40.7470
929	1	27	0	1.0000	149.9945
587	0	29	1	0.9667	190.2030
306	0	21	0	1.0000	0.0000
988	1	18	0	1.0000	230.0440
574	0	0	25	1.0000	215.4196
634	0	29	30	0.5085	0.0000
1514	1	0	29	1.0000	273.6094
1298	0	9	15	0.6250	35.6036
543	0	29	0	1.0000	597.0754
1774	1	17	12	0.5862	43.5730
218	1	8	12	0.6000	47.2164
99	0	30	28	0.5172	0.0000
662	1	16	6	0.7273	57.7505
1565	1	0	26	1.0000	282.4436
1599	1	0	29	1.0000	265.2734
495	1	18	4	0.8182	57.5154
1154	0	13	14	0.5185	31.3651
1583	0	1	26	0.9630	158.1611
1713	0	0	23	1.0000	244.7464
737	0	0	22	1.0000	141.5355
857	0	0	29	1.0000	272.4968
808	1	13	8	0.6190	71.0756
1789	0	12	10	0.5455	239.3019
1668	1	32	0	1.0000	265.2846
692	1	7	12	0.6316	51.1180
71	1	3	22	0.8800	86.5115
518	1	1	21	0.9545	78.9093
224	1	24	0	1.0000	197.1388
1693	1	10	19	0.6552	50.5013
1236	1	27	0	1.0000	417.7438
638	1	0	31	1.0000	351.8891
269	1	21	0	1.0000	121.2973
1176	0	0	28	1.0000	761.4675
1315	1	0	20	1.0000	250.2987
120	0	12	19	0.6129	43.9498
648	1	14	6	0.7000	117.1414
1017	1	8	10	0.5556	40.4793
1646	1	21	0	1.0000	180.8848
1579	1	1	19	0.9500	233.8211
694	0	15	11	0.5769	46.2749
927	1	23	0	1.0000	247.5144
345	1	4	24	0.8571	69.1985
1358	0	23	0	1.0000	253.0592
433	0	0	27	1.0000	244.0206
1907	0	15	18	0.5455	0.0000
327	0	14	5	0.7368	42.3818
457	1	0	26	1.0000	122.0841
1550	0	36	0	1.0000	365.1749
937	0	18	1	0.9474	121.4324
1020	0	6	15	0.7143	61.7360
1564	1	28	0	1.0000	304.2135
420	0	1	27	0.9643	208.3874
1899	0	13	11	0.5417	169.1014
1434	1	0	27	1.0000	289.0870
1912	0	32	18	0.6400	0.0000
263	0	38	0	1.0000	0.0000
1339	0	22	24	0.5217	0.0000
966	0	0	21	1.0000	236.2688
234	0	26	0	1.0000	190.1985
245	1	9	13	0.5909	37.9590
150	1	12	14	0.5385	1440.4547
731	0	1	23	0.9583	180.4293
1563	1	3	28	0.9032	992.9097
159	1	2	28	0.9333	94.0945
1006	0	0	33	1.0000	0.0000
619	1	15	28	0.6512	64.9635
753	0	30	0	1.0000	294.1173
1074	0	18	0	1.0000	0.0000
577	0	0	25	1.0000	0.0000
995	1	0	21	1.0000	240.2797
1732	0	39	23	0.6290	0.0000
1005	0	0	26	1.0000	222.3403
768	0	0	25	1.0000	243.1549
770	0	0	27	1.0000	192.7496
416	0	28	0	1.0000	0.0000
1459	0	11	9	0.5500	48.5267
727	0	14	8	0.6364	52.5299
527	0	0	24	1.0000	0.0000
1659	0	2	20	0.9091	54.2257
1086	0	33	2	0.9429	85.3594
1399	0	0	32	1.0000	135.6395
1687	0	0	24	1.0000	226.4879
283	1	0	22	1.0000	183.4874
683	0	17	3	0.8500	63.2130
1942	0	22	0	1.0000	50.0271
163	0	1	29	0.9667	67.0693
380	0	23	22	0.5111	109.6080
799	0	36	26	0.5806	0.0000
1253	0	30	0	1.0000	278.7810
1710	0	0	28	1.0000	305.9535
170	1	32	2	0.9412	108.9500
150	0	16	20	0.5556	1440.4547
450	0	1	30	0.9677	321.8406
696	1	21	1	0.9545	172.2507
1474	0	10	15	0.6000	41.8835
225	0	23	0	1.0000	227.2508
1612	1	21	0	1.0000	260.2402
246	0	17	13	0.5667	36.8911
1115	1	24	0	1.0000	197.0621
863	0	31	2	0.9394	120.6734
209	0	0	34	1.0000	251.5094
515	1	14	13	0.5185	52.8619
1373	1	14	8	0.6364	52.8011
62	0	5	25	0.8333	181.6728
76	0	22	0	1.0000	277.8342
899	1	30	0	1.0000	442.4155
581	1	0	31	1.0000	316.8318
318	0	32	0	1.0000	763.2707
1323	0	17	18	0.5143	87.2468
938	1	0	24	1.0000	156.2048
1420	0	20	22	0.5238	55.2119
1187	1	6	15	0.7143	50.3527
827	0	26	24	0.5200	0.0000
1322	0	1	33	0.9706	300.0982
1387	0	26	0	1.0000	255.5601
231	0	0	29	1.0000	0.0000
1491	0	26	18	0.5909	0.0000
448	0	30	3	0.9091	265.3079
1940	0	19	11	0.6333	227.6222
265	1	0	35	1.0000	218.0897
299	0	0	20	1.0000	0.0000
1932	0	8	12	0.6000	170.3324
16	1	14	16	0.5333	31.9989
387	0	0	38	1.0000	0.0000
286	1	1	18	0.9474	210.9519
329	1	0	29	1.0000	174.1524
173	0	35	0	1.0000	312.5714
1305	0	10	11	0.5238	39.8199
876	1	7	14	0.6667	111.8572
1490	0	21	20	0.5122	0.0000
524	1	11	14	0.5600	65.1613
994	0	29	0	1.0000	182.6961
20	0	13	23	0.6389	37.9839
1038	0	16	14	0.5333	40.2548
680	1	17	14	0.5484	60.8825
1131	0	25	21	0.5435	0.0000
4	0	28	0	1.0000	209.0514
15	1	39	4	0.9070	313.3247
1025	1	21	2	0.9130	78.6128
197	0	28	26	0.5185	0.0000
1062	0	9	17	0.6538	64.5836
609	0	13	17	0.5667	39.9881
828	0	23	23	0.5000	0.0000
965	0	5	22	0.8148	95.9058
591	1	4	19	0.8261	62.2185
202	0	30	0	1.0000	321.8609
244	0	27	3	0.9000	83.0463
1773	1	29	0	1.0000	351.0740
1571	1	0	34	1.0000	349.4399
1011	0	4	27	0.8710	153.2449
592	0	1	23	0.9583	135.9814
1853	0	29	26	0.5273	0.0000
1829	0	13	13	0.5000	86.4555
1191	1	0	28	1.0000	323.8551
550	0	30	29	0.5085	0.0000
1238	0	24	2	0.9231	137.6246
275	0	0	29	1.0000	0.0000
1380	1	0	22	1.0000	262.8475
664	0	30	0	1.0000	250.5598
1197	0	10	5	0.6667	36.7593
774	1	0	23	1.0000	244.4759
339	0	30	0	1.0000	0.0000
544	0	0	35	1.0000	0.0000
203	1	27	0	1.0000	188.8666
1536	1	0	26	1.0000	219.6388
778	1	34	1	0.9714	146.6401
1574	1	0	27	1.0000	181.7560
329	0	28	0	1.0000	174.1524
1569	0	17	36	0.6792	126.2556
1435	1	0	14	1.0000	229.3720
256	0	25	0	1.0000	0.0000
1926	0	22	21	0.5116	0.0000
152	1	23	15	0.6053	46.7128
311	1	0	36	1.0000	152.1543
68	0	25	3	0.8929	92.4734
959	0	26	2	0.9286	70.8284
51	0	0	24	1.0000	0.0000
1431	0	8	10	0.5556	55.0750
122	0	21	2	0.9130	116.1895
685	1	34	2	0.9444	75.8700
124	0	46	0	1.0000	188.4989
1003	1	0	26	1.0000	262.4053
1153	1	24	0	1.0000	86.8105
455	0	15	12	0.5556	793.2184
1174	0	10	31	0.7561	354.8027
5	0	30	0	1.0000	139.2348
1100	0	31	0	1.0000	497.1415
1466	1	8	10	0.5556	47.6156
786	0	29	0	1.0000	0.0000
1468	1	23	2	0.9200	72.3820
81	0	12	12	0.5000	47.2035
1201	0	18	1	0.9474	218.3317
886	1	27	0	1.0000	245.2967
1245	0	14	8	0.6364	46.9407
1724	0	34	0	1.0000	0.0000
902	0	0	33	1.0000	0.0000
1699	0	3	22	0.8800	88.3909
1446	1	1	35	0.9722	215.8299
1398	1	0	36	1.0000	384.9163
71	0	32	0	1.0000	86.5115
92	1	1	19	0.9500	317.1356
705	0	40	0	1.0000	0.0000
111	0	29	0	1.0000	336.4630
1697	0	27	1	0.9643	272.8356
891	0	32	24	0.5714	0.0000
298	0	0	24	1.0000	0.0000
1531	0	0	33	1.0000	0.0000
1004	0	16	1	0.9412	173.6598
1186	0	24	0	1.0000	322.1977
1689	0	15	13	0.5357	63.2660
712	0	15	8	0.6522	33.4076
1608	1	0	36	1.0000	301.7467
1731	1	10	13	0.5652	33.6165
523	0	8	11	0.5789	45.1258
1259	1	0	36	1.0000	204.2588
1629	0	23	0	1.0000	0.0000
826	0	30	31	0.5082	0.0000
1227	0	1	27	0.9643	148.9582
910	1	26	1	0.9630	178.7799
1817	0	20	20	0.5000	0.0000
1467	0	1	27	0.9643	327.1144
281	0	26	24	0.5200	0.0000
1797	0	16	18	0.5294	0.0000
59	0	2	20	0.9091	209.6296
1508	0	0	22	1.0000	0.0000
449	1	27	0	1.0000	224.1433
436	0	21	0	1.0000	272.3699
532	0	3	19	0.8636	78.7003
654	0	38	0	1.0000	290.3635
223	0	0	26	1.0000	84.5730
356	0	33	0	1.0000	328.4801
884	0	27	3	0.9000	87.7899
1818	0	25	19	0.5682	0.0000
1651	0	26	0	1.0000	360.5276
1667	1	0	20	1.0000	316.2483
1287	1	19	0	1.0000	234.2988
1443	1	0	24	1.0000	216.1495
1385	0	0	20	1.0000	315.8667
1021	0	12	22	0.6471	192.0808
194	0	13	13	0.5000	58.5048
1279	0	27	1	0.9643	77.5165
1685	1	20	0	1.0000	125.9470
533	0	1	21	0.9545	121.5373
1091	0	0	25	1.0000	0.0000
1031	0	0	30	1.0000	0.0000
1162	0	7	10	0.5882	39.2038
1176	2	31	0	1.0000	761.4675
537	0	0	32	1.0000	295.9268
216	1	12	12	0.5000	61.0297
839	0	8	9	0.5294	37.4652
290	0	22	0	1.0000	0.0000
328	0	28	0	1.0000	125.2360
1943	0	19	23	0.5476	0.0000
1830	0	11	10	0.5238	198.1831
1609	1	29	2	0.9355	74.6880
1220	1	22	0	1.0000	229.0916
647	0	0	31	1.0000	304.1905
806	0	5	15	0.7500	50.1567
1028	0	0	35	1.0000	0.0000
681	1	1	29	0.9667	83.7710
610	0	0	31	1.0000	347.2184
726	1	5	13	0.7222	55.4082
976	0	0	30	1.0000	226.6989
1521	1	8	13	0.6190	61.1666
1132	0	24	2	0.9231	57.0015
1623	1	1	21	0.9545	73.9817
1524	1	33	0	1.0000	140.2031
1254	0	8	11	0.5789	36.4447
1713	1	26	0	1.0000	244.7464
1340	0	24	22	0.5217	0.0000
96	0	8	24	0.7500	52.0475
507	1	24	1	0.9600	252.1958
1523	0	28	0	1.0000	308.7604
399	0	0	32	1.0000	0.0000
1032	0	0	30	1.0000	0.0000
5	1	0	21	1.0000	139.2348
596	0	29	0	1.0000	420.8269
326	0	28	0	1.0000	148.6251
620	0	22	26	0.5417	0.0000
1534	1	24	0	1.0000	260.5835
1796	1	2	20	0.9091	53.9157
1792	0	7	11	0.6111	123.4311
541	3	26	0	1.0000	1206.9387
1455	0	20	0	1.0000	0.0000
134	1	22	1	0.9565	250.7310
856	0	1	29	0.9667	229.0273
711	0	1	23	0.9583	70.7528
291	0	25	0	1.0000	0.0000
782	1	10	10	0.5000	84.2554
186	1	25	0	1.0000	267.8766
37	0	10	7	0.5882	37.1124
823	0	35	36	0.5070	0.0000
1212	1	24	0	1.0000	249.7045
1553	1	0	17	1.0000	194.5428
1117	1	1	18	0.9474	179.5834
141	0	38	0	1.0000	367.2083
1929	1	11	7	0.6111	49.5703
1146	0	22	26	0.5417	0.0000
836	1	24	3	0.8889	137.5080
1009	0	0	30	1.0000	0.0000
6	0	10	8	0.5556	34.4473
396	0	8	9	0.5294	41.2286
368	0	13	9	0.5909	69.5851
1604	0	0	36	1.0000	0.0000
1406	0	0	20	1.0000	0.0000
166	0	26	1	0.9630	236.7284
1839	0	11	12	0.5217	204.1735
1411	0	26	0	1.0000	333.1453
724	0	41	0	1.0000	359.7711
338	0	32	0	1.0000	0.0000
1681	0	30	0	1.0000	0.0000
252	1	11	11	0.5000	47.4605
158	0	18	1	0.9474	192.1734
1813	1	11	6	0.6471	38.3772
1150	1	33	2	0.9429	203.1896
55	1	16	4	0.8000	50.2327
409	0	0	17	1.0000	196.8200
1933	1	9	10	0.5263	280.7751
1541	0	33	23	0.5893	0.0000
348	1	32	1	0.9697	167.7749
254	0	33	21	0.6111	0.0000
1590	1	7	9	0.5625	41.0645
1078	1	0	29	1.0000	251.5256
898	0	25	0	1.0000	257.9746
1121	0	39	33	0.5417	0.0000
396	1	19	13	0.5938	41.2286
767	1	0	20	1.0000	207.2094
300	0	0	27	1.0000	0.0000
1927	0	21	2	0.9130	62.2171
1351	1	0	22	1.0000	309.8321
833	1	22	5	0.8148	76.1910
1315	0	28	0	1.0000	250.2987
208	1	23	0	1.0000	259.5954
1237	1	32	1	0.9697	118.4397
737	1	25	1	0.9615	141.5355
46	0	32	0	1.0000	0.0000
403	0	0	30	1.0000	0.0000
481	1	10	10	0.5000	39.2831
1128	1	13	9	0.5909	66.6495
957	0	9	16	0.6400	59.9280
850	1	0	27	1.0000	237.9724
352	1	28	0	1.0000	256.5619
242	0	26	0	1.0000	209.7453
1467	1	36	0	1.0000	327.1144
774	0	21	0	1.0000	244.4759
1311	1	2	27	0.9310	172.0477
236	1	21	0	1.0000	236.2478
318	3	9	7	0.5625	763.2707
571	0	0	25	1.0000	166.7631
1572	0	34	0	1.0000	301.8931
287	0	27	0	1.0000	0.0000
509	0	0	31	1.0000	0.0000
1626	1	21	0	1.0000	222.3001
797	1	16	9	0.6400	64.2902
765	0	35	0	1.0000	0.0000
246	1	8	16	0.6667	36.8911
215	1	10	18	0.6429	51.5502
205	0	20	15	0.5714	48.9362
274	0	0	30	1.0000	312.8517
1758	0	0	23	1.0000	0.0000
997	0	27	0	1.0000	283.1685
555	0	40	2	0.9524	339.0074
953	0	29	0	1.0000	0.0000
1673	0	21	0	1.0000	219.0406
379	0	0	39	1.0000	446.1271
265	0	16	0	1.0000	218.0897
1808	0	13	0	1.0000	0.0000
604	0	42	0	1.0000	416.9849
556	0	31	0	1.0000	55.0892
1207	0	0	28	1.0000	244.6417
400	1	11	12	0.5217	37.8528
451	1	17	13	0.5667	48.0926
862	0	21	13	0.6176	61.2794
1084	0	30	0	1.0000	96.6989
762	1	29	3	0.9062	104.6927
1665	1	10	21	0.6774	83.0711
1769	1	14	12	0.5385	51.9156
1149	0	0	32	1.0000	0.0000
1513	0	7	11	0.6111	55.4881
1138	0	23	25	0.5208	110.4497
98	0	14	6	0.7000	56.4038
441	1	10	10	0.5000	75.7280
494	1	0	28	1.0000	302.4596
1512	0	0	27	1.0000	342.2093
1766	1	21	12	0.6364	69.2123
423	0	0	28	1.0000	198.7428
215	0	16	13	0.5517	51.5502
1514	0	29	1	0.9667	273.6094
674	0	31	0	1.0000	222.5747
665	1	33	0	1.0000	176.4641
343	1	25	2	0.9259	59.0335
792	0	0	32	1.0000	224.8535
1090	0	0	33	1.0000	0.0000
698	0	12	13	0.5200	31.8526
251	0	15	11	0.5769	40.6201
1923	0	20	21	0.5122	0.0000
1440	0	0	27	1.0000	0.0000
1157	1	23	2	0.9200	74.4839
1587	0	29	0	1.0000	333.4625
1274	0	40	22	0.6452	0.0000
1717	1	26	1	0.9630	255.3831
136	0	0	29	1.0000	298.0736
1707	1	8	13	0.6190	53.2344
156	0	20	1	0.9524	220.8557
594	0	0	30	1.0000	403.2597
1126	0	27	30	0.5263	0.0000
1379	1	15	11	0.5769	37.1576
1026	1	23	0	1.0000	214.1963
585	1	6	24	0.8000	90.5052
364	0	0	35	1.0000	0.0000
139	0	18	1	0.9474	190.7508
714	0	28	0	1.0000	247.1030
1453	0	24	24	0.5000	0.0000
1814	0	20	13	0.6061	0.0000
1470	0	20	0	1.0000	200.4877
385	1	0	26	1.0000	287.1272
91	1	0	32	1.0000	267.5688
316	0	13	15	0.5357	45.5176
985	0	10	3	0.7692	58.2285
1322	1	30	0	1.0000	300.0982
1865	0	24	28	0.5385	0.0000
218	0	21	24	0.5333	47.2164
489	0	0	26	1.0000	219.3115
878	0	12	13	0.5200	31.5951
1075	0	19	0	1.0000	0.0000
795	1	0	31	1.0000	388.7106
1333	1	0	21	1.0000	173.1423
48	0	35	0	1.0000	0.0000
707	1	26	0	1.0000	269.9569
984	0	0	34	1.0000	294.8241
949	0	34	0	1.0000	0.0000
19	1	12	16	0.5714	44.2832
1575	0	0	32	1.0000	316.6958
1025	0	1	21	0.9545	78.6128
1354	1	29	0	1.0000	344.4464
1227	1	25	1	0.9615	148.9582
95	1	3	13	0.8125	34.8106
1622	0	25	1	0.9615	78.8391
736	1	6	19	0.7600	69.0303
912	1	0	28	1.0000	85.8106
1848	1	12	9	0.5714	329.4988
1143	0	0	27	1.0000	98.8957
607	0	0	30	1.0000	248.3267
1641	1	0	29	1.0000	314.4686
260	0	28	0	1.0000	497.3885
1682	1	17	12	0.5862	67.5567
1114	0	0	19	1.0000	286.6766
1253	1	1	25	0.9615	278.7810
1622	1	0	26	1.0000	78.8391
1678	1	0	14	1.0000	149.8381
483	1	24	0	1.0000	228.7276
625	1	7	19	0.7308	61.0402
678	1	12	18	0.6000	53.7674
963	0	3	19	0.8636	65.6410
230	0	0	28	1.0000	0.0000
429	0	26	1	0.9630	81.9586
1806	0	15	0	1.0000	0.0000
1523	1	0	29	1.0000	308.7604
839	1	14	14	0.5000	37.4652
1669	0	0	31	1.0000	287.9066
964	1	0	23	1.0000	140.2654
477	0	26	0	1.0000	199.6977
1738	0	14	4	0.7778	44.4651
436	1	0	23	1.0000	272.3699
463	1	26	0	1.0000	251.4483
866	0	23	0	1.0000	264.8941
171	0	32	0	1.0000	252.1231
699	1	22	3	0.8800	80.6488
439	0	31	0	1.0000	274.7373
452	1	0	30	1.0000	393.1748
1217	0	27	15	0.6429	46.6174
100	1	1	26	0.9630	74.2286
892	0	11	13	0.5417	58.7752
1402	0	0	27	1.0000	0.0000
453	0	26	0	1.0000	355.8553
832	0	18	4	0.8182	76.7716
176	0	28	26	0.5185	0.0000
1443	0	31	1	0.9688	216.1495
669	1	3	33	0.9167	101.8070
86	0	0	32	1.0000	362.2954
566	0	23	0	1.0000	0.0000
149	0	8	15	0.6522	44.1240
922	0	21	1	0.9545	76.8886
505	1	0	34	1.0000	315.7067
1613	0	22	0	1.0000	312.3255
1638	0	13	20	0.6061	36.6440
1296	1	35	0	1.0000	216.3697
153	2	15	12	0.5556	1089.4656
284	1	0	27	1.0000	260.3523
487	1	26	0	1.0000	297.7802
105	0	1	28	0.9655	147.3758
495	0	3	29	0.9062	57.5154
1737	1	2	14	0.8750	39.7402
921	0	20	1	0.9524	96.2574
1918	0	20	21	0.5122	0.0000
1702	1	5	19	0.7917	70.1731
200	3	32	0	1.0000	3372.0492
1756	0	23	0	1.0000	0.0000
360	2	0	24	1.0000	684.1267
579	0	0	32	1.0000	129.3203
643	1	14	10	0.5833	101.6078
567	0	22	0	1.0000	0.0000
1618	0	0	22	1.0000	903.5626
1306	0	28	26	0.5185	0.0000
1712	1	24	6	0.8000	64.2303
599	0	0	23	1.0000	251.3450
986	0	29	27	0.5179	0.0000
956	0	15	15	0.5000	52.0114
374	0	0	25	1.0000	0.0000
1161	0	12	15	0.5556	97.7058
1039	1	8	16	0.6667	57.0860
226	1	2	24	0.9231	91.8731
547	1	0	28	1.0000	649.2745
1645	1	22	0	1.0000	200.0521
1452	0	29	0	1.0000	221.0345
1746	0	1	19	0.9500	218.7205
167	0	3	31	0.9118	91.7590
969	0	0	33	1.0000	311.1813
1794	0	16	19	0.5429	0.0000
1803	0	6	5	0.5455	140.3402
537	1	31	0	1.0000	295.9268
500	0	25	0	1.0000	0.0000
785	0	24	0	1.0000	0.0000
519	0	0	24	1.0000	170.0611
248	1	9	16	0.6400	38.9770
569	1	25	0	1.0000	140.0456
1701	0	13	14	0.5185	32.6947
44	2	0	25	1.0000	1311.5147
147	0	0	32	1.0000	0.0000
1676	1	5	9	0.6429	125.7376
1839	1	14	18	0.5625	204.1735
742	0	26	0	1.0000	265.3651
1122	0	40	28	0.5882	0.0000
200	0	3	21	0.8750	3372.0492
1819	0	18	19	0.5135	0.0000
410	1	25	0	1.0000	231.7939
715	1	0	23	1.0000	245.7978
907	0	0	28	1.0000	0.0000
1365	0	22	0	1.0000	246.9673
1624	0	21	1	0.9545	90.1643
1176	1	0	32	1.0000	761.4675
383	1	22	1	0.9565	312.0299
467	0	3	25	0.8929	79.9215
672	0	29	0	1.0000	0.0000
1135	1	23	1	0.9583	117.4038
1045	1	31	1	0.9688	76.9894
1081	1	0	24	1.0000	256.6970
1	1	22	0	1.0000	336.6773
391	1	29	0	1.0000	295.0431
618	0	14	21	0.6000	38.7414
178	1	0	19	1.0000	123.2989
1106	1	22	0	1.0000	251.8957
1437	0	17	16	0.5152	396.6533
341	1	29	0	1.0000	384.4199
165	1	24	5	0.8276	87.6255
430	0	0	36	1.0000	0.0000
1937	0	21	23	0.5227	0.0000
1311	0	33	1	0.9706	172.0477
192	0	26	22	0.5417	0.0000
1403	1	0	30	1.0000	369.7828
251	1	16	13	0.5517	40.6201
280	1	19	11	0.6333	39.5368
1173	0	5	18	0.7826	250.4350
294	1	6	26	0.8125	67.9012
1487	0	0	29	1.0000	323.8621
1261	1	0	33	1.0000	401.4474
858	0	0	30	1.0000	560.5532
1931	0	15	6	0.7143	43.5452
77	0	1	29	0.9667	311.1722
960	1	0	23	1.0000	213.0320
779	0	24	2	0.9231	187.9966
552	1	5	23	0.8214	87.8169
813	0	22	22	0.5000	0.0000
401	1	0	25	1.0000	66.6231
1583	1	20	1	0.9524	158.1611
1731	0	16	14	0.5333	33.6165
455	1	29	0	1.0000	793.2184
1820	0	24	20	0.5455	0.0000
1460	0	15	12	0.5556	62.4755
1511	0	24	0	1.0000	256.8052
1662	0	0	26	1.0000	0.0000
375	1	0	27	1.0000	273.1137
375	0	29	1	0.9667	273.1137
487	0	0	26	1.0000	297.7802
408	1	0	19	1.0000	204.5708
1089	0	0	31	1.0000	0.0000
249	0	22	0	1.0000	89.5499
903	0	0	41	1.0000	0.0000
1013	1	0	25	1.0000	301.6627
273	1	31	0	1.0000	248.6712
499	0	27	0	1.0000	0.0000
1769	0	17	7	0.7083	51.9156
1233	0	30	0	1.0000	0.0000
1160	1	14	7	0.6667	44.0977
1054	0	0	27	1.0000	276.2401
546	0	0	27	1.0000	621.8635
671	0	24	0	1.0000	0.0000
12	0	27	0	1.0000	267.0312
1270	0	1	21	0.9545	340.0680
1363	0	0	25	1.0000	0.0000
757	0	28	24	0.5385	0.0000
432	1	24	0	1.0000	288.9687
261	0	0	35	1.0000	465.3904
310	0	6	16	0.7273	38.6941
1092	0	0	25	1.0000	0.0000
1302	0	32	0	1.0000	318.0278
118	0	24	19	0.5581	70.5467
548	0	28	33	0.5410	0.0000
1412	0	20	0	1.0000	0.0000
576	1	0	25	1.0000	110.4550
1551	0	32	0	1.0000	337.7160
564	0	5	24	0.8276	66.6244
1755	1	14	9	0.6087	36.3422
1380	0	26	0	1.0000	262.8475
1420	1	10	11	0.5238	55.2119
809	0	34	15	0.6939	0.0000
596	1	0	28	1.0000	420.8269
1733	0	23	0	1.0000	0.0000
688	0	0	25	1.0000	230.5614
637	0	0	24	1.0000	267.8257
1047	0	2	26	0.9286	73.6410
1499	0	0	32	1.0000	0.0000
1520	0	20	0	1.0000	631.6443
846	0	23	4	0.8519	58.9111
1748	1	28	0	1.0000	198.6858
1410	0	0	25	1.0000	276.1688
730	0	30	0	1.0000	249.0097
1290	0	33	20	0.6226	0.0000
1672	1	14	17	0.5484	60.9047
1071	0	26	0	1.0000	179.5958
1620	1	11	19	0.6333	58.6487
55	0	8	19	0.7037	50.2327
950	0	33	0	1.0000	0.0000
534	1	0	20	1.0000	136.0653
143	0	0	26	1.0000	0.0000
1675	0	27	0	1.0000	0.0000
489	1	31	0	1.0000	219.3115
104	1	29	2	0.9355	90.8416
1073	0	22	0	1.0000	0.0000
738	1	22	0	1.0000	146.7675
472	1	4	22	0.8462	86.9569
213	0	3	20	0.8696	64.6927
659	0	11	10	0.5238	63.1282
1195	1	33	1	0.9706	174.5234
996	0	0	26	1.0000	352.0094
1572	1	0	27	1.0000	301.8931
655	1	36	0	1.0000	270.8028
1816	1	18	9	0.6667	57.9215
213	1	23	3	0.8846	64.6927
1401	1	31	0	1.0000	317.2647
1639	1	0	20	1.0000	255.0524
512	0	14	17	0.5484	53.2767
10	1	26	2	0.9286	127.9710
1040	1	0	30	1.0000	255.8687
590	0	16	16	0.5000	82.5900
1843	0	2	23	0.9200	94.1202
271	0	28	0	1.0000	336.0619
324	1	9	8	0.5294	57.1818
18	1	0	22	1.0000	77.2543
136	1	23	0	1.0000	298.0736
673	0	32	0	1.0000	0.0000
1719	0	23	25	0.5208	0.0000
266	1	17	3	0.8500	194.0429
1621	0	22	27	0.5510	0.0000
1771	0	4	19	0.8261	71.2201
1831	1	6	9	0.6000	151.1698
1385	1	33	0	1.0000	315.8667
179	1	29	0	1.0000	71.8505
208	0	0	32	1.0000	259.5954
1866	0	24	31	0.5636	0.0000
815	0	26	2	0.9286	1464.2735
1098	0	0	28	1.0000	242.3387
88	0	7	12	0.6316	45.1290
1773	0	0	30	1.0000	351.0740
1183	0	20	25	0.5556	0.0000
1117	0	27	0	1.0000	179.5834
1495	1	1	22	0.9565	487.9784
479	0	30	23	0.5660	0.0000
522	1	13	6	0.6842	93.4510
1579	0	29	0	1.0000	233.8211
1384	0	8	9	0.5294	42.5194
698	1	9	14	0.6087	31.8526
1669	1	28	0	1.0000	287.9066
842	0	24	0	1.0000	279.5946
1282	0	17	14	0.5484	56.5399
225	1	0	24	1.0000	227.2508
370	0	23	10	0.6970	116.9706
1570	0	0	23	1.0000	0.0000
1148	0	0	31	1.0000	0.0000
427	1	21	22	0.5116	43.3444
1033	1	26	1	0.9630	100.0051
1162	1	24	20	0.5455	39.2038
1206	1	27	5	0.8438	78.9126
908	0	26	1	0.9630	89.5228
1249	1	14	10	0.5833	36.9012
1920	1	8	10	0.5556	143.7414
1165	0	20	4	0.8333	66.9011
366	0	0	34	1.0000	0.0000
419	1	27	0	1.0000	192.0462
1754	1	0	25	1.0000	271.3377
271	1	0	30	1.0000	336.0619
1336	0	7	9	0.5625	51.1126
377	1	0	32	1.0000	429.4369
1561	1	16	0	1.0000	198.3841
575	1	0	21	1.0000	233.6530
1501	0	0	32	1.0000	345.5844
1347	0	24	26	0.5200	81.7544
1284	1	19	3	0.8636	82.4114
1027	0	17	3	0.8500	110.6161
114	0	14	10	0.5833	41.7485
1896	0	10	6	0.6250	43.4931
1851	0	29	19	0.6042	0.0000
1596	0	0	38	1.0000	0.0000
691	1	1	27	0.9643	60.5921
167	1	27	4	0.8710	91.7590
683	1	3	23	0.8846	63.2130
746	1	23	0	1.0000	211.2414
1173	1	2	41	0.9535	250.4350
373	0	0	35	1.0000	265.3107
1862	1	12	5	0.7059	424.5036
1608	0	27	1	0.9643	301.7467
847	0	19	20	0.5128	0.0000
153	1	19	8	0.7037	1089.4656
452	0	22	0	1.0000	393.1748
1515	1	1	22	0.9565	210.3215
1179	0	21	3	0.8750	146.9347
78	1	4	4	0.5000	32.2054
232	0	0	43	1.0000	0.0000
932	0	7	23	0.7667	58.5900
1454	1	8	16	0.6667	83.2364
1651	1	0	25	1.0000	360.5276
1182	0	0	30	1.0000	0.0000
1787	0	22	20	0.5238	0.0000
582	1	9	19	0.6786	66.6998
1670	0	25	17	0.5952	0.0000
383	0	0	32	1.0000	312.0299
1798	0	17	15	0.5312	0.0000
934	0	12	11	0.5217	60.3104
574	1	21	0	1.0000	215.4196
1699	1	25	2	0.9259	88.3909
1111	1	0	26	1.0000	188.7059
486	1	23	0	1.0000	208.5144
474	0	3	27	0.9000	140.1228
717	0	0	29	1.0000	280.1498
947	1	10	13	0.5652	33.1455
1554	0	0	19	1.0000	298.4120
1751	0	29	0	1.0000	0.0000
530	0	0	24	1.0000	0.0000
2	0	43	0	1.0000	0.0000
1174	2	4	27	0.8710	354.8027
395	1	0	24	1.0000	298.0625
371	1	9	11	0.5500	113.1332
422	0	10	5	0.6667	37.6632
1170	0	0	22	1.0000	0.0000
885	1	18	8	0.6923	57.5797
1644	0	28	0	1.0000	344.6395
363	0	0	31	1.0000	0.0000
1334	0	6	21	0.7778	71.0169
206	1	14	3	0.8235	43.7372
60	0	0	19	1.0000	223.6689
24	1	0	27	1.0000	299.0175
1361	1	0	26	1.0000	164.1256
725	0	1	22	0.9565	82.3943
1736	0	30	0	1.0000	249.9317
549	0	28	32	0.5333	0.0000
461	1	21	11	0.6562	64.5793
1432	0	25	1	0.9615	61.7643
69	0	34	0	1.0000	0.0000
481	0	18	11	0.6207	39.2831
1764	0	18	1	0.9474	57.8649
1464	0	0	33	1.0000	0.0000
1349	0	0	27	1.0000	232.1070
1288	1	1	24	0.9600	105.4892
1328	0	26	0	1.0000	182.8290
666	0	35	0	1.0000	258.3651
1288	0	25	1	0.9615	105.4892
1376	0	27	0	1.0000	243.9700
719	1	18	0	1.0000	286.3196
982	0	20	0	1.0000	228.3189
1228	1	1	34	0.9714	156.3509
1891	0	22	23	0.5111	0.0000
1234	1	14	16	0.5333	55.0611
1764	1	2	28	0.9333	57.8649
106	1	35	0	1.0000	304.3026
1262	1	0	31	1.0000	405.5861
1896	1	11	9	0.5500	43.4931
687	1	0	30	1.0000	272.8022
193	0	33	22	0.6000	0.0000
1554	1	23	0	1.0000	298.4120
1739	1	0	30	1.0000	313.8956
551	0	14	16	0.5333	57.3233
1780	0	25	17	0.5952	0.0000
632	1	19	17	0.5278	84.8133
133	0	21	0	1.0000	266.1807
1936	0	23	20	0.5349	0.0000
113	0	7	13	0.6500	36.8328
1305	1	16	13	0.5517	39.8199
1614	0	0	24	1.0000	203.7068
1916	0	20	3	0.8696	61.3713
1616	1	0	32	1.0000	319.7796
660	0	20	23	0.5349	0.0000
1151	1	28	0	1.0000	272.7623
282	0	0	27	1.0000	311.3021
852	0	1	22	0.9565	153.6890
1723	0	0	26	1.0000	0.0000
874	1	12	19	0.6129	61.5183
873	0	9	8	0.5294	44.8901
1664	0	12	0	1.0000	172.1328
296	1	12	9	0.5714	43.9270
1145	1	0	29	1.0000	320.5706
38	1	22	0	1.0000	230.4077
253	0	1	24	0.9600	100.7861
1317	1	7	12	0.6316	52.0701
811	0	25	22	0.5319	0.0000
453	1	0	26	1.0000	355.8553
130	0	0	26	1.0000	0.0000
21	1	5	15	0.7500	53.1658
104	0	0	32	1.0000	90.8416
90	0	8	14	0.6364	49.7683
1482	1	1	21	0.9545	247.8671
1394	0	13	0	1.0000	0.0000
127	1	35	1	0.9722	251.1025
659	1	10	15	0.6000	63.1282
310	1	17	16	0.5152	38.6941
309	0	1	28	0.9655	196.6024
165	0	0	30	1.0000	87.6255
109	0	27	0	1.0000	199.6128
1473	0	22	26	0.5417	0.0000
1222	0	1	25	0.9615	412.0245
1791	0	17	19	0.5278	0.0000
372	0	21	0	1.0000	83.4530
894	0	14	11	0.5600	47.5105
1702	0	23	7	0.7667	70.1731
95	0	19	14	0.5758	34.8106
1476	1	14	12	0.5385	47.1347
79	1	38	0	1.0000	393.8994
1109	1	24	1	0.9600	170.4760
1329	1	3	20	0.8696	78.5478
1461	0	0	28	1.0000	80.8747
1640	1	3	26	0.8966	158.6511
27	0	27	0	1.0000	0.0000
1175	0	0	29	1.0000	0.0000
1801	0	16	20	0.5556	0.0000
1642	0	0	34	1.0000	334.8607
444	1	10	13	0.5652	48.5634
1318	1	1	27	0.9643	61.1172
330	0	28	0	1.0000	0.0000
510	0	0	32	1.0000	0.0000
1781	0	25	11	0.6944	0.0000
1407	0	31	0	1.0000	167.1611
393	0	0	17	1.0000	111.9942
174	0	12	17	0.5862	76.7323
1555	0	0	21	1.0000	216.8179
30	0	22	0	1.0000	425.6484
833	0	0	31	1.0000	76.1910
400	0	15	12	0.5556	37.8528
1913	0	37	19	0.6607	0.0000
1624	1	1	22	0.9565	90.1643
170	0	4	32	0.8889	108.9500
1940	1	5	12	0.7059	227.6222
449	0	0	22	1.0000	224.1433
1349	1	23	0	1.0000	232.1070
74	1	12	9	0.5714	62.2887
1705	1	1	30	0.9677	161.5493
1241	1	30	0	1.0000	272.9305
183	0	29	0	1.0000	0.0000
825	0	28	34	0.5484	0.0000
284	0	27	0	1.0000	260.3523
769	0	0	28	1.0000	214.8797
1871	0	19	13	0.5938	0.0000
1316	1	23	0	1.0000	221.2983
938	0	23	0	1.0000	156.2048
456	0	3	27	0.9000	78.7836
709	0	29	0	1.0000	286.9928
507	0	0	34	1.0000	252.1958
1174	1	11	10	0.5238	354.8027
1223	0	29	0	1.0000	302.3102
1387	1	0	20	1.0000	255.5601
1761	1	14	17	0.5484	51.0222
1280	1	28	3	0.9032	95.5549
236	0	2	29	0.9355	236.2478
335	1	0	20	1.0000	64.9240
1088	0	0	31	1.0000	0.0000
685	0	4	21	0.8400	75.8700
278	0	23	22	0.5111	0.0000
82	0	32	1	0.9697	138.9485
1266	0	0	17	1.0000	211.7115
883	0	29	22	0.5686	0.0000
280	0	16	8	0.6667	39.5368
552	0	24	2	0.9231	87.8169
733	1	0	28	1.0000	306.9543
1223	1	0	30	1.0000	302.3102
772	0	42	0	1.0000	0.0000
448	1	0	14	1.0000	265.3079
301	0	0	27	1.0000	0.0000
1888	0	14	17	0.5484	0.0000
1744	1	6	3	0.6667	83.3406
1825	1	27	0	1.0000	70.7552
29	1	13	6	0.6842	89.1943
639	0	0	37	1.0000	0.0000
358	1	1	29	0.9667	312.7713
520	1	8	8	0.5000	395.7568
237	0	0	28	1.0000	229.5220
222	0	8	17	0.6800	64.2690
1743	1	13	15	0.5357	68.3667
1378	1	16	8	0.6667	49.4455
406	0	27	0	1.0000	279.0244
1359	1	28	0	1.0000	335.5936
1214	1	2	25	0.9259	77.9024
1524	0	0	21	1.0000	140.2031
52	0	0	21	1.0000	0.0000
258	0	0	24	1.0000	253.2021
1776	0	11	9	0.5500	0.0000
1293	0	27	0	1.0000	221.7679
870	1	15	9	0.6250	42.0646
1433	0	20	0	1.0000	136.7607
513	0	3	24	0.8889	73.8816
829	0	34	0	1.0000	0.0000
1625	0	0	24	1.0000	164.6886
1753	0	29	0	1.0000	455.9287
315	1	2	19	0.9048	111.0404
1540	1	1	34	0.9714	159.8671
1573	0	14	11	0.5600	57.9857
1107	0	21	1	0.9545	163.6268
1856	0	20	19	0.5128	0.0000
1925	1	5	6	0.5455	79.9549
480	1	21	9	0.7000	67.6243
1877	1	9	8	0.5294	281.4719
1847	0	20	18	0.5263	0.0000
1048	0	14	18	0.5625	50.0038
1108	0	0	22	1.0000	228.6939
528	0	0	24	1.0000	0.0000
1077	1	0	26	1.0000	452.8549
944	0	2	20	0.9091	132.3349
972	0	24	0	1.0000	0.0000
413	0	31	1	0.9688	210.8430
746	0	0	23	1.0000	211.2414
37	1	13	13	0.5000	37.1124
1299	0	5	18	0.7826	76.6629
815	1	14	13	0.5185	1464.2735
1382	0	31	1	0.9688	138.4376
771	1	23	0	1.0000	160.4077
851	1	10	5	0.6667	41.9923
1603	1	31	0	1.0000	300.9694
233	0	12	12	0.5000	37.0198
962	0	1	19	0.9500	70.0219
442	1	0	24	1.0000	229.4612
88	1	12	16	0.5714	45.1290
1574	0	27	0	1.0000	181.7560
713	1	1	17	0.9444	160.0180
1219	0	27	0	1.0000	311.6942
733	0	37	0	1.0000	306.9543
865	0	24	0	1.0000	196.2593
1919	0	12	13	0.5200	62.6554
1041	0	28	1	0.9655	144.6620
351	0	33	0	1.0000	251.8974
617	1	6	16	0.7273	62.6132
412	1	30	0	1.0000	231.1673
1653	0	0	31	1.0000	400.4716
9	0	23	4	0.8519	68.5672
1316	0	0	22	1.0000	221.2983
1870	0	22	23	0.5111	0.0000
862	1	13	5	0.7222	61.2794
1265	1	0	25	1.0000	152.9925
940	0	4	21	0.8400	71.9335
28	1	1	24	0.9600	130.0103
1188	0	26	0	1.0000	45.3292
1676	0	23	15	0.6053	125.7376
1855	0	17	20	0.5405	0.0000
817	0	0	32	1.0000	281.1060
1738	1	13	8	0.6190	44.4651
743	1	0	21	1.0000	222.1681
1718	0	33	0	1.0000	0.0000
650	0	26	0	1.0000	286.1986
756	0	30	25	0.5455	0.0000
405	1	27	0	1.0000	282.5722
700	0	21	0	1.0000	0.0000
1142	0	32	0	1.0000	280.7622
1452	1	0	24	1.0000	221.0345
80	0	30	0	1.0000	310.3936
379	1	37	0	1.0000	446.1271
1930	0	18	22	0.5500	0.0000
1931	1	6	16	0.7273	43.5452
1035	1	15	15	0.5000	43.1517
1077	0	27	0	1.0000	452.8549
535	0	6	6	0.5000	30.9003
1885	1	9	4	0.6923	49.3264
649	0	9	12	0.5714	44.5275
1403	0	25	0	1.0000	369.7828
676	0	22	0	1.0000	0.0000
1516	1	0	18	1.0000	234.4209
522	0	11	21	0.6562	93.4510
941	1	30	0	1.0000	161.5992
1792	1	8	5	0.6154	123.4311
804	0	29	29	0.5000	0.0000
600	0	38	0	1.0000	0.0000
1611	1	23	0	1.0000	315.1134
1444	0	26	2	0.9286	96.5990
1413	0	22	0	1.0000	0.0000
318	1	8	12	0.6000	763.2707
512	1	12	6	0.6667	53.2767
855	0	26	0	1.0000	242.1767
1815	1	12	4	0.7500	49.8447
1772	0	25	0	1.0000	0.0000
445	0	26	23	0.5306	0.0000
1302	1	0	37	1.0000	318.0278
1135	0	2	21	0.9130	117.4038
1543	0	1	17	0.9444	123.8821
1606	1	29	0	1.0000	248.2678
981	0	0	29	1.0000	257.6908
77	1	30	1	0.9677	311.1722
875	1	11	21	0.6562	43.1902
1493	0	1	27	0.9643	63.6981
553	0	32	1	0.9697	187.9879
750	0	7	20	0.7407	74.1625
1181	0	0	30	1.0000	0.0000
868	0	0	21	1.0000	0.0000
690	0	21	13	0.6176	50.9569
563	1	0	32	1.0000	229.5365
152	0	10	7	0.5882	46.7128
475	0	1	24	0.9600	226.5142
1129	0	33	24	0.5789	0.0000
402	0	2	22	0.9167	126.0182
454	0	28	0	1.0000	337.1404
1278	1	31	0	1.0000	273.6033
137	0	0	32	1.0000	328.7250
853	0	12	15	0.5556	38.9852
129	1	32	0	1.0000	282.9445
1209	0	32	0	1.0000	348.7025
841	3	2	1	0.6667	3458.8883
887	1	28	0	1.0000	258.7902
1710	1	41	0	1.0000	305.9535
160	0	0	32	1.0000	239.3782
91	0	28	0	1.0000	267.5688
795	0	24	0	1.0000	388.7106
1510	1	25	0	1.0000	241.0530
1743	0	9	6	0.6000	68.3667
181	0	32	0	1.0000	0.0000
706	1	1	25	0.9615	248.1584
928	0	0	21	1.0000	191.7650
819	0	15	14	0.5172	54.5962
93	1	29	0	1.0000	212.7438
1845	0	23	19	0.5476	0.0000
922	1	1	21	0.9545	76.8886
800	1	6	24	0.8000	109.2866
1659	1	17	4	0.8095	54.2257
1442	1	25	0	1.0000	219.8351
1938	0	21	16	0.5676	0.0000
1447	1	15	18	0.5455	46.0429
151	0	19	10	0.6552	43.5761
1196	0	0	31	1.0000	0.0000
979	1	25	0	1.0000	305.0723
1591	1	15	18	0.5455	50.7161
807	1	22	0	1.0000	194.9785
1741	0	18	0	1.0000	0.0000
1022	1	0	22	1.0000	480.5769
23	0	0	26	1.0000	304.1017
1679	1	21	0	1.0000	344.1690
1555	1	23	0	1.0000	216.8179
879	0	12	12	0.5000	45.9289
1921	0	15	19	0.5588	0.0000
1489	0	22	23	0.5111	0.0000
1447	0	16	5	0.7619	46.0429
506	0	0	32	1.0000	350.5742
1533	1	6	17	0.7391	46.4468
689	0	2	21	0.9130	173.2981
1882	1	15	10	0.6000	56.1687
1115	0	0	19	1.0000	197.0621
105	1	29	1	0.9667	147.3758
257	0	2	26	0.9286	99.5686
1556	0	0	23	1.0000	173.3522
1381	0	0	25	1.0000	276.4799
626	1	11	8	0.5789	46.2267
697	2	2	27	0.9310	1359.8404
1396	0	16	0	1.0000	0.0000
1173	2	26	8	0.7647	250.4350
185	0	31	25	0.5536	0.0000
1297	0	35	0	1.0000	242.0944
1303	1	0	23	1.0000	242.9990
1275	0	43	21	0.6719	0.0000
1214	0	27	0	1.0000	77.9024
1618	1	27	0	1.0000	903.5626
1517	0	5	16	0.7619	59.0917
1456	0	20	0	1.0000	0.0000
114	1	12	12	0.5000	41.7485
345	0	27	1	0.9643	69.1985
1752	0	28	11	0.7179	98.5627
858	1	32	0	1.0000	560.5532
292	0	24	0	1.0000	0.0000
1746	1	21	0	1.0000	218.7205
820	0	30	22	0.5769	0.0000
1715	1	2	17	0.8947	139.7945
32	1	0	31	1.0000	507.9984
174	1	10	13	0.5652	76.7323
519	1	24	0	1.0000	170.0611
1219	1	0	30	1.0000	311.6942
562	0	12	13	0.5200	45.6204
1872	1	3	4	0.5714	59.1790
45	1	32	0	1.0000	360.9171
1785	0	27	23	0.5400	0.0000
1276	0	36	30	0.5455	0.0000
589	0	20	5	0.8000	59.9933
1164	0	23	26	0.5306	0.0000
485	1	1	24	0.9600	253.8969
1138	1	13	11	0.5417	110.4497
42	0	35	0	1.0000	0.0000
521	1	21	14	0.6000	58.9716
1212	0	0	30	1.0000	249.7045
1292	1	0	17	1.0000	234.2503
480	0	8	9	0.5294	67.6243
1927	1	0	22	1.0000	62.2171
578	0	24	26	0.5200	0.0000
1019	0	38	25	0.6032	0.0000
410	0	0	21	1.0000	231.7939
166	1	1	40	0.9756	236.7284
1061	1	4	21	0.8400	58.9692
1878	0	19	20	0.5128	0.0000
718	1	26	0	1.0000	304.3222
44	1	28	0	1.0000	1311.5147
151	1	12	18	0.6000	43.5761
203	0	7	28	0.8000	188.8666
1263	0	0	28	1.0000	0.0000
1312	0	30	0	1.0000	321.2345
1409	0	31	0	1.0000	327.9795
304	0	24	0	1.0000	0.0000
1790	0	17	19	0.5278	0.0000
1247	0	13	17	0.5667	41.4622
145	0	0	36	1.0000	0.0000
1812	0	3	17	0.8500	190.5667
13	1	29	0	1.0000	405.0482
182	0	35	0	1.0000	0.0000
1594	0	25	0	1.0000	0.0000
39	0	0	19	1.0000	196.4655
369	0	11	14	0.5600	50.4878
1337	1	17	15	0.5312	46.8450
843	0	44	0	1.0000	0.0000
1065	0	25	18	0.5814	0.0000
11	0	18	0	1.0000	191.2040
1166	0	16	12	0.5714	56.4227
1258	2	3	15	0.8333	556.0022
1101	0	7	16	0.6957	44.7070
1208	0	18	0	1.0000	298.0216
1024	1	21	0	1.0000	73.9137
26	0	24	0	1.0000	0.0000
1158	0	23	27	0.5400	0.0000
572	0	21	0	1.0000	339.4994
739	1	22	1	0.9565	73.3996
360	1	16	8	0.6667	684.1267
751	1	0	27	1.0000	223.4251
502	0	21	0	1.0000	0.0000
738	0	4	22	0.8462	146.7675
419	0	0	27	1.0000	192.0462
1337	0	9	5	0.6429	46.8450
895	1	9	8	0.5294	103.8816
916	0	2	32	0.9412	186.9360
1750	1	0	9	1.0000	159.7974
1407	1	2	24	0.9231	167.1611
750	1	26	4	0.8667	74.1625
40	1	0	32	1.0000	446.4143
1152	1	32	0	1.0000	235.7548
928	1	29	0	1.0000	191.7650
605	1	22	0	1.0000	214.7515
976	1	21	0	1.0000	226.6989
613	1	0	20	1.0000	223.7510
689	1	35	1	0.9722	173.2981
1304	0	15	18	0.5455	33.4407
770	1	18	2	0.9000	192.7496
881	1	2	25	0.9259	182.2312
1405	0	0	27	1.0000	287.5307
466	1	1	23	0.9583	74.1938
493	0	0	31	1.0000	153.8205
371	0	24	12	0.6667	113.1332
123	0	42	0	1.0000	262.3404
392	0	18	0	1.0000	104.1167
610	1	32	0	1.0000	347.2184
386	1	0	34	1.0000	390.0518
960	0	22	0	1.0000	213.0320
1657	0	0	28	1.0000	0.0000
1280	0	2	23	0.9200	95.5549
336	0	34	0	1.0000	133.9324
789	0	21	8	0.7241	70.3797
816	0	17	15	0.5312	52.6085
657	0	20	26	0.5652	0.0000
1118	0	0	19	1.0000	176.4226
983	1	0	30	1.0000	326.6190
1678	0	23	0	1.0000	149.8381
239	0	20	0	1.0000	67.5368
1683	1	20	1	0.9524	75.9888
1803	1	8	14	0.6364	140.3402
900	0	39	0	1.0000	555.0743
417	0	29	0	1.0000	0.0000
476	0	24	0	1.0000	231.9512
1331	1	35	0	1.0000	377.4665
157	0	0	31	1.0000	239.5382
818	1	21	2	0.9130	87.8292
1506	0	23	0	1.0000	0.0000
57	1	10	16	0.6154	43.2314
952	1	0	35	1.0000	221.9006
1536	0	23	0	1.0000	219.6388
896	1	11	13	0.5417	54.2230
1324	0	26	0	1.0000	272.5779
1556	1	25	0	1.0000	173.3522
1013	0	27	1	0.9643	301.6627
1366	1	2	23	0.9200	71.2702
460	0	40	26	0.6061	0.0000
41	0	34	0	1.0000	0.0000
1460	1	21	8	0.7241	62.4755
491	1	0	33	1.0000	253.0332
1051	0	0	26	1.0000	276.3986
1511	1	0	27	1.0000	256.8052
681	0	23	1	0.9583	83.7710
1581	1	1	26	0.9630	107.8532
617	0	16	16	0.5000	62.6132
1530	0	0	29	1.0000	0.0000
1533	0	12	13	0.5200	46.4468
463	0	0	25	1.0000	251.4483
975	0	0	27	1.0000	234.5072
817	1	24	0	1.0000	281.1060
1422	0	0	22	1.0000	150.7207
1564	0	0	31	1.0000	304.2135
1232	0	23	0	1.0000	0.0000
946	0	0	22	1.0000	129.3371
1736	1	0	22	1.0000	249.9317
1652	0	26	0	1.0000	234.2436
1445	1	21	25	0.5435	167.7838
1239	1	30	0	1.0000	206.1776
354	1	32	0	1.0000	252.1247
1720	0	0	20	1.0000	0.0000
990	0	17	14	0.5484	54.9302
1573	1	16	16	0.5000	57.9857
1779	1	22	0	1.0000	114.5235
1371	0	14	18	0.5625	41.3512
730	1	0	24	1.0000	249.0097
1762	0	21	0	1.0000	244.0248
207	0	32	0	1.0000	296.6527
612	1	33	0	1.0000	259.4193
1272	0	33	0	1.0000	329.6203
1535	1	18	0	1.0000	209.6112
465	0	23	1	0.9583	94.2438
1328	1	0	15	1.0000	182.8290
768	1	19	0	1.0000	243.1549
1462	0	38	34	0.5278	0.0000
1576	0	22	0	1.0000	127.0804
1033	0	2	31	0.9394	100.0051
1427	0	31	20	0.6078	136.7788
349	1	1	28	0.9655	106.1364
1822	0	28	17	0.6222	0.0000
1430	0	21	10	0.6774	289.0282
1704	0	0	17	1.0000	84.1127
1005	1	20	0	1.0000	222.3403
866	1	0	32	1.0000	264.8941
38	0	0	26	1.0000	230.4077
110	0	0	32	1.0000	168.4270
1532	1	21	0	1.0000	117.2201
973	1	20	1	0.9524	293.4744
854	0	8	11	0.5789	39.6946
228	1	3	22	0.8800	83.6472
189	0	25	26	0.5098	0.0000
679	0	9	16	0.6400	46.6434
1498	3	18	3	0.8571	4937.4704
494	0	25	3	0.8929	302.4596
1021	1	21	6	0.7778	192.0808
720	0	0	25	1.0000	253.2371
45	0	0	29	1.0000	360.9171
1448	0	25	26	0.5098	0.0000
1327	0	23	0	1.0000	274.8157
912	0	25	2	0.9259	85.8106
1265	0	19	0	1.0000	152.9925
1038	1	6	13	0.6842	40.2548
1102	0	4	9	0.6923	157.3481
1498	4	1	23	0.9583	4937.4704
977	0	0	30	1.0000	278.3577
975	1	19	0	1.0000	234.5072
172	0	21	28	0.5714	49.9509
601	0	41	0	1.0000	193.1307
486	0	0	21	1.0000	208.5144
1519	0	12	18	0.6000	73.8975
238	1	19	5	0.7917	66.7736
1469	1	13	19	0.5938	36.7806
443	1	13	8	0.6190	44.9845
1317	0	15	17	0.5312	52.0701
202	1	0	29	1.0000	321.8609
917	1	17	15	0.5312	48.7049
682	1	0	27	1.0000	239.3228
1544	0	25	0	1.0000	0.0000
49	0	34	0	1.0000	0.0000
261	1	37	0	1.0000	465.3904
1566	0	26	0	1.0000	0.0000
989	0	0	21	1.0000	199.4309
1213	1	0	29	1.0000	243.7165
1802	0	18	21	0.5385	0.0000
889	1	15	11	0.5769	39.6931
1186	1	1	25	0.9615	322.1977
1304	1	6	13	0.6842	33.4407
362	0	0	24	1.0000	0.0000
1835	0	23	20	0.5349	0.0000
1861	0	28	26	0.5185	0.0000
647	1	34	0	1.0000	304.1905
882	1	30	0	1.0000	301.2162
1124	0	36	33	0.5217	0.0000
1098	1	23	0	1.0000	242.3387
11	1	0	33	1.0000	191.2040
841	2	29	0	1.0000	3458.8883
200	1	23	1	0.9583	3372.0492
1206	0	7	16	0.6957	78.9126
636	0	24	8	0.7500	66.5939
1690	0	23	26	0.5306	0.0000
1190	1	26	3	0.8966	66.1319
1688	0	11	6	0.6471	50.9574
788	0	26	0	1.0000	0.0000
120	1	8	8	0.5000	43.9498
1693	0	14	8	0.6364	50.5013
762	0	4	25	0.8621	104.6927
1551	1	0	30	1.0000	337.7160
586	0	27	27	0.5000	0.0000
684	0	28	1	0.9655	87.4712
1252	0	0	36	1.0000	0.0000
848	0	31	0	1.0000	298.5827
1109	0	2	21	0.9130	170.4760
880	1	28	2	0.9333	102.9911
842	1	0	34	1.0000	279.5946
1914	0	14	5	0.7368	181.9451
735	0	0	26	1.0000	318.5471
21	0	15	18	0.5455	53.1658
458	0	41	25	0.6212	0.0000
1177	0	45	0	1.0000	0.0000
296	0	21	20	0.5122	43.9270
619	0	10	10	0.5000	64.9635
1828	1	16	11	0.5926	248.0336
431	0	0	36	1.0000	0.0000
1194	0	11	3	0.7857	44.1063
840	0	23	23	0.5000	0.0000
1194	1	18	25	0.5814	44.1063
867	1	24	0	1.0000	346.4894
999	0	15	0	1.0000	198.0037
1099	0	21	0	1.0000	0.0000
776	0	28	0	1.0000	266.7509
1840	0	25	31	0.5536	0.0000
1045	0	1	24	0.9600	76.9894
560	1	28	0	1.0000	177.8484
1192	1	25	0	1.0000	268.9875
43	0	35	0	1.0000	0.0000
133	1	0	28	1.0000	266.1807
955	1	11	10	0.5238	51.2297
897	0	24	0	1.0000	278.2355
1248	3	26	3	0.8966	2484.9854
708	0	30	1	0.9677	349.2882
1838	0	21	15	0.5833	83.9505
311	0	26	2	0.9286	152.1543
933	0	28	27	0.5091	0.0000
1619	0	25	2	0.9259	0.0000
324	0	15	19	0.5588	57.1818
1004	1	0	27	1.0000	173.6598
353	0	22	4	0.8462	92.5582
791	0	30	1	0.9677	230.1690
1858	0	23	18	0.5610	0.0000
1200	0	25	1	0.9615	92.5044
1000	0	33	23	0.5893	0.0000
745	0	0	20	1.0000	229.5758
663	1	12	19	0.6129	52.6107
1475	0	19	27	0.5870	0.0000
1904	0	27	24	0.5294	0.0000
541	0	2	21	0.9130	1206.9387
531	1	17	14	0.5484	59.5858
789	1	8	22	0.7333	70.3797
1191	0	27	0	1.0000	323.8551
759	0	2	34	0.9444	99.5158
16	0	7	14	0.6667	31.9989
769	1	18	0	1.0000	214.8797
1796	0	15	4	0.7895	53.9157
1745	0	0	31	1.0000	0.0000
85	0	0	32	1.0000	362.2749
1647	1	0	15	1.0000	141.9231
1925	0	19	16	0.5429	79.9549
325	0	16	17	0.5152	54.5661
1310	1	1	21	0.9545	178.0558
490	0	24	0	1.0000	285.2705
158	1	0	35	1.0000	192.1734
803	1	21	11	0.6562	67.8788
1924	0	24	13	0.6486	0.0000
381	0	10	7	0.5882	55.4502
376	0	33	3	0.9167	418.5149
1661	0	0	23	1.0000	187.8922
1382	1	1	24	0.9600	138.4376
1911	0	17	20	0.5405	0.0000
1049	0	22	0	1.0000	214.3492
1203	1	1	26	0.9630	134.3427
1055	0	0	22	1.0000	0.0000
954	1	23	26	0.5306	80.9962
54	1	0	30	1.0000	391.8880
1133	0	0	28	1.0000	255.6231
1537	0	24	0	1.0000	284.0726
1114	1	24	0	1.0000	286.6766
798	0	30	5	0.8571	71.9958
1140	0	28	4	0.8750	109.2084
424	0	0	27	1.0000	149.2408
812	1	10	10	0.5000	53.7888
962	1	37	7	0.8409	70.0219
1246	0	25	0	1.0000	209.1260
1872	0	22	15	0.5946	59.1790
67	1	24	19	0.5581	62.4822
1283	0	22	1	0.9565	76.3980
778	0	2	29	0.9355	146.6401
1	0	26	0	1.0000	336.6773
79	0	0	38	1.0000	393.8994
469	1	22	8	0.7333	87.1310
162	0	1	33	0.9706	139.6750
434	0	19	4	0.8261	191.9884
54	0	25	0	1.0000	391.8880
1401	0	0	31	1.0000	317.2647
1360	0	37	0	1.0000	135.9124
137	1	20	0	1.0000	328.7250
1591	0	13	15	0.5357	50.7161
307	0	27	0	1.0000	0.0000
1642	1	32	0	1.0000	334.8607
646	1	0	34	1.0000	91.6263
1869	0	4	9	0.6923	54.3239
1220	0	0	23	1.0000	229.0916
1002	0	32	21	0.6038	0.0000
1130	0	28	24	0.5385	0.0000
1052	0	0	24	1.0000	348.6557
680	0	9	15	0.6250	60.8825
1612	0	0	28	1.0000	260.2402
961	0	15	11	0.5769	55.0599
717	1	26	0	1.0000	280.1498
285	0	0	21	1.0000	204.7519
1042	1	13	14	0.5185	47.8434
1488	1	1	21	0.9545	175.2556
1243	0	18	12	0.6000	56.1087
1647	0	22	0	1.0000	141.9231
1729	0	0	19	1.0000	0.0000
722	1	12	1	0.9231	278.1548
1240	1	20	1	0.9524	92.8818
1390	0	29	0	1.0000	204.7553
570	1	28	0	1.0000	276.3399
1262	0	36	0	1.0000	405.5861
1213	0	24	0	1.0000	243.7165
979	0	0	28	1.0000	305.0723
260	1	0	30	1.0000	497.3885
763	1	23	0	1.0000	235.4307
614	1	30	0	1.0000	205.3371
1485	0	32	22	0.5926	0.0000
977	1	25	0	1.0000	278.3577
14	0	36	0	1.0000	424.3756
1069	1	22	6	0.7857	96.0313
1250	1	0	31	1.0000	319.2592
1239	0	0	33	1.0000	206.1776
1298	1	10	18	0.6429	35.6036
214	1	14	13	0.5185	44.5095
1666	1	30	0	1.0000	873.9503
428	0	1	27	0.9643	66.0787
93	0	2	17	0.8947	212.7438
226	0	21	1	0.9545	91.8731
1868	0	17	22	0.5641	0.0000
1560	1	0	26	1.0000	275.0678
274	1	33	0	1.0000	312.8517
589	1	11	22	0.6667	59.9933
1187	0	23	3	0.8846	50.3527
1487	1	31	0	1.0000	323.8621
1559	0	30	0	1.0000	0.0000
1314	0	28	29	0.5088	0.0000
1079	0	28	0	1.0000	0.0000
948	0	27	0	1.0000	0.0000
1125	0	33	26	0.5593	0.0000
125	1	0	26	1.0000	300.4941
1761	0	12	19	0.6129	51.0222
1833	0	20	16	0.5556	0.0000
1116	0	27	0	1.0000	220.9925
352	0	0	25	1.0000	256.5619
1509	0	31	25	0.5536	0.0000
1430	1	6	18	0.7500	289.0282
1335	0	10	15	0.6000	48.7104
915	0	0	34	1.0000	222.1149
1783	0	24	17	0.5854	0.0000
614	0	0	27	1.0000	205.3371
1889	0	16	15	0.5161	0.0000
293	1	10	13	0.5652	52.6168
372	1	3	22	0.8800	83.4530
643	0	15	18	0.5455	101.6078
1356	1	27	0	1.0000	147.4420
1788	0	16	20	0.5556	0.0000
1405	1	28	0	1.0000	287.5307
238	0	1	28	0.9655	66.7736
1600	0	0	26	1.0000	284.6161
153	3	15	13	0.5357	1089.4656
715	0	31	0	1.0000	245.7978
85	1	34	0	1.0000	362.2749
1278	0	0	27	1.0000	273.6033
1862	0	21	18	0.5385	424.5036
1725	1	1	36	0.9730	295.6495
14	1	0	36	1.0000	424.3756
1137	0	19	2	0.9048	58.7930
1749	0	32	0	1.0000	342.5547
1247	1	16	5	0.7619	41.4622
514	0	13	14	0.5185	41.7768
736	0	20	6	0.7692	69.0303
1482	0	30	0	1.0000	247.8671
1297	1	0	20	1.0000	242.0944
1108	1	26	0	1.0000	228.6939
937	1	1	31	0.9688	121.4324
321	1	14	6	0.7000	34.2348
1765	0	4	26	0.8667	150.0695
997	1	0	31	1.0000	283.1685
1905	0	19	25	0.5682	0.0000
63	1	4	29	0.8788	87.1511
1734	0	0	27	1.0000	0.0000
1251	1	31	1	0.9688	294.6448
849	1	0	36	1.0000	350.6697
599	1	22	0	1.0000	251.3450
1742	0	21	0	1.0000	0.0000
0	0	22	0	1.0000	0.0000
81	1	16	20	0.5556	47.2035
437	1	0	28	1.0000	252.4033
293	0	13	17	0.5667	52.6168
815	3	0	24	1.0000	1464.2735
612	0	3	21	0.8750	259.4193
1928	0	20	13	0.6061	356.0444
691	0	21	2	0.9130	60.5921
1512	1	20	0	1.0000	342.2093
1777	0	30	20	0.6000	0.0000
1552	0	30	1	0.9677	131.5856
1771	1	18	7	0.7200	71.2201
100	0	25	1	0.9615	74.2286
1260	0	29	0	1.0000	0.0000
128	0	1	26	0.9630	280.7372
529	0	0	24	1.0000	0.0000
1575	1	32	1	0.9697	316.6958
1286	0	0	28	1.0000	240.5967
451	0	14	15	0.5172	48.0926
282	1	32	0	1.0000	311.3021
461	0	14	16	0.5333	64.5793
1841	1	8	6	0.5714	45.0675
542	1	30	0	1.0000	316.0341
80	1	0	33	1.0000	310.3936
331	0	26	0	1.0000	0.0000
148	0	0	40	1.0000	0.0000
381	1	19	15	0.5588	55.4502
1714	1	33	0	1.0000	175.7784
1768	0	30	0	1.0000	0.0000
851	0	14	17	0.5484	41.9923
904	0	0	33	1.0000	0.0000
1716	0	0	25	1.0000	324.2938
751	0	33	0	1.0000	223.4251
593	1	21	17	0.5526	46.0897
1241	0	0	36	1.0000	272.9305
168	1	1	35	0.9722	281.5769
583	1	25	0	1.0000	229.7446
328	1	0	22	1.0000	125.2360
118	1	10	8	0.5556	70.5467
565	1	0	31	1.0000	291.9717
506	1	28	0	1.0000	350.5742
323	0	14	8	0.6364	56.2490
1799	0	23	15	0.6053	0.0000
1048	1	15	13	0.5357	50.0038
315	0	29	1	0.9667	111.0404
1159	0	21	22	0.5116	0.0000
837	0	26	25	0.5098	0.0000
627	0	12	16	0.5714	46.3331
1041	1	2	27	0.9310	144.6620
15	0	0	35	1.0000	313.3247
935	0	29	1	0.9667	289.6568
1626	0	0	21	1.0000	222.3001
959	1	4	18	0.8182	70.8284
658	0	20	28	0.5833	0.0000
119	1	5	21	0.8077	81.5929
321	0	19	12	0.6129	34.2348
1451	0	33	0	1.0000	0.0000
1244	0	2	25	0.9259	79.7738
1668	0	0	29	1.0000	265.2846
1137	1	1	21	0.9545	58.7930
1023	1	17	11	0.6071	45.4293
516	1	18	3	0.8571	63.0566
1461	1	23	2	0.9200	80.8747
1567	0	27	0	1.0000	0.0000
97	0	26	28	0.5185	0.0000
1320	1	4	27	0.8710	123.1303
1431	1	18	16	0.5294	55.0750
1003	0	23	0	1.0000	262.4053
1362	1	21	0	1.0000	155.4532
1014	1	10	16	0.6154	34.7610
198	0	34	28	0.5484	0.0000
200	2	1	28	0.9655	3372.0492
237	1	21	0	1.0000	229.5220
1335	1	12	9	0.5714	48.7104
1935	0	19	23	0.5476	0.0000
1942	1	1	16	0.9412	50.0271
742	1	0	23	1.0000	265.3651
199	0	28	27	0.5091	0.0000
686	1	0	35	1.0000	313.4885
1592	0	0	27	1.0000	89.4697
474	1	26	0	1.0000	140.1228
378	1	37	0	1.0000	382.1028
467	1	21	1	0.9545	79.9215
1437	1	28	0	1.0000	396.6533
764	0	35	0	1.0000	0.0000
10	0	2	29	0.9355	127.9710
1849	0	22	2	0.9167	73.2546
1188	1	2	21	0.9130	45.3292
190	0	15	8	0.6522	100.0190
890	1	23	8	0.7419	75.2593
885	0	16	15	0.5161	57.5797
34	0	0	35	1.0000	389.3880
1444	1	0	26	1.0000	96.5990
1816	0	14	9	0.6087	57.9215
615	1	15	15	0.5000	53.8013
716	1	29	0	1.0000	280.8129
1468	0	1	23	0.9583	72.3820
1747	0	25	0	1.0000	279.4550
1877	0	13	14	0.5185	281.4719
557	1	27	0	1.0000	132.6239
1493	1	20	1	0.9524	63.6981
1336	1	13	15	0.5357	51.1126
1749	1	0	20	1.0000	342.5547
56	1	6	11	0.6471	45.4109
22	0	22	0	1.0000	0.0000
1163	1	15	17	0.5312	34.0168
395	0	35	0	1.0000	298.0625
1421	1	15	8	0.6522	64.5057
1665	0	14	8	0.6364	83.0711
1557	1	24	0	1.0000	211.5658
695	0	31	27	0.5345	0.0000
186	0	0	25	1.0000	267.8766
968	0	30	0	1.0000	317.4043
1198	1	1	19	0.9500	199.7063
1561	0	0	35	1.0000	198.3841
259	0	28	0	1.0000	319.2704
1046	1	12	12	0.5000	34.4337
1520	2	15	0	1.0000	631.6443
228	0	23	2	0.9200	83.6472
1603	0	1	26	0.9630	300.9694
1709	1	39	0	1.0000	247.1690
1268	1	0	16	1.0000	166.8928
31	1	31	0	1.0000	337.6588
356	1	1	30	0.9677	328.4801
606	0	0	33	1.0000	224.5772
1346	0	33	38	0.5352	0.0000
94	0	1	18	0.9474	207.5401
60	1	24	0	1.0000	223.6689
87	0	24	1	0.9600	177.6085
1593	0	28	0	1.0000	0.0000
628	1	19	11	0.6333	45.0619
1735	1	10	8	0.5556	46.9934
1386	0	28	0	1.0000	209.1989
1110	0	24	0	1.0000	254.6348
1008	0	0	32	1.0000	0.0000
668	1	1	33	0.9706	138.3509
821	0	32	30	0.5161	0.0000
1313	0	1	22	0.9565	250.1376
991	1	14	0	1.0000	160.3432
752	0	1	26	0.9630	85.9199
297	0	39	29	0.5735	0.0000
628	0	5	10	0.6667	45.0619
1286	1	17	0	1.0000	240.5967
1700	0	22	6	0.7857	100.3705
644	0	33	31	0.5156	0.0000
1757	1	1	32	0.9697	278.0009
1557	0	1	21	0.9545	211.5658
1779	0	0	16	1.0000	114.5235
1841	0	8	11	0.5789	45.0675
212	1	30	1	0.9677	240.4427
370	1	11	14	0.5600	116.9706
1068	1	29	6	0.8286	103.4542
970	1	0	36	1.0000	300.3567
446	0	32	1	0.9697	344.0687
1078	0	24	1	0.9600	251.5256
1521	0	21	27	0.5625	61.1666
1813	0	9	11	0.5500	38.3772
901	0	42	0	1.0000	401.9602
1389	0	22	0	1.0000	0.0000
8	1	0	25	1.0000	149.9153
1667	0	32	0	1.0000	316.2483
980	1	0	29	1.0000	254.2919
653	0	0	23	1.0000	59.6620
729	1	18	0	1.0000	229.7853
1426	1	21	1	0.9545	220.6585
1197	1	14	15	0.5172	36.7593
780	1	3	29	0.9062	102.9239
1900	0	20	4	0.8333	81.7261
1607	1	28	3	0.9032	148.0874
1571	0	29	0	1.0000	349.4399
1664	1	2	30	0.9375	172.1328
1740	0	30	0	1.0000	0.0000
684	1	5	25	0.8333	87.4712
155	0	24	0	1.0000	330.3314
1605	0	0	34	1.0000	0.0000
1154	1	11	10	0.5238	31.3651
1319	0	0	30	1.0000	189.7902
524	0	12	12	0.5000	65.1613
1193	0	0	25	1.0000	76.9379
367	0	0	32	1.0000	0.0000
1155	1	5	24	0.8276	86.7966
90	1	21	23	0.5227	49.7683
314	0	30	0	1.0000	151.1328
1704	1	29	0	1.0000	84.1127
1364	0	0	32	1.0000	0.0000
1439	0	0	31	1.0000	0.0000
242	1	0	33	1.0000	209.7453
204	0	10	8	0.5556	61.6015
234	1	0	19	1.0000	190.1985
144	0	0	30	1.0000	0.0000
1112	0	20	13	0.6061	61.7961
1786	1	3	19	0.8636	55.6242
951	1	1	27	0.9643	58.3177
142	1	26	0	1.0000	266.6675
1400	1	24	1	0.9600	243.6502
253	1	29	0	1.0000	100.7861
535	1	16	9	0.6400	30.9003
1226	0	37	0	1.0000	285.7974
76	1	0	26	1.0000	277.8342
3	0	22	0	1.0000	0.0000
1497	1	0	14	1.0000	137.8042
1902	0	17	17	0.5000	0.0000
978	0	0	19	1.0000	175.8541
1914	1	17	9	0.6538	181.9451
1709	0	0	24	1.0000	247.1690
603	0	24	20	0.5455	70.5080
1160	0	14	6	0.7000	44.0977
1897	1	21	1	0.9545	73.3677
1809	0	14	0	1.0000	0.0000
539	0	0	23	1.0000	227.4897
1711	0	34	19	0.6415	0.0000
312	1	3	28	0.9032	171.9680
1471	0	21	28	0.5714	0.0000
1287	0	0	30	1.0000	234.2988
1300	1	1	22	0.9565	62.9949
414	0	22	0	1.0000	0.0000
572	1	0	30	1.0000	339.4994
1268	0	20	0	1.0000	166.8928
781	0	23	22	0.5111	56.8332
408	0	26	0	1.0000	204.5708
454	1	0	27	1.0000	337.1404
1390	1	1	17	0.9444	204.7553
1852	0	18	15	0.5455	0.0000
1438	1	11	12	0.5217	53.0246
1272	1	0	24	1.0000	329.6203
1882	0	5	10	0.6667	56.1687
532	1	19	7	0.7308	78.7003
386	0	26	0	1.0000	390.0518
636	1	3	16	0.8421	66.5939
1535	0	1	20	0.9524	209.6112
1348	1	13	1	0.9286	214.6681
351	1	0	24	1.0000	251.8974
1029	0	29	0	1.0000	0.0000
1289	0	27	0	1.0000	186.6571
1221	0	26	0	1.0000	198.5921
1024	0	2	20	0.9091	73.9137
641	0	34	0	1.0000	0.0000
1426	0	1	28	0.9655	220.6585
930	1	0	25	1.0000	281.1491
921	1	2	23	0.9200	96.2574
692	0	14	12	0.5385	51.1180
732	0	0	31	1.0000	330.1116
425	1	35	0	1.0000	156.9553
781	1	8	9	0.5294	56.8332
855	1	0	18	1.0000	242.1767
1202	0	31	0	1.0000	277.9631
1356	0	0	23	1.0000	147.4420
1066	0	34	24	0.5862	0.0000
1301	0	7	9	0.5625	46.7628
559	1	1	23	0.9583	140.5615
686	0	32	1	0.9697	313.4885
1285	0	24	1	0.9600	121.2144
670	1	1	40	0.9756	201.5772
635	0	24	27	0.5294	0.0000
1939	0	23	20	0.5349	0.0000
1169	0	0	25	1.0000	0.0000
195	0	28	28	0.5000	0.0000
12	1	0	27	1.0000	267.0312
73	0	15	8	0.6522	54.9679
164	1	15	21	0.5833	40.8401
1602	0	24	0	1.0000	0.0000
890	0	10	12	0.5455	75.2593
336	1	3	20	0.8696	133.9324
1542	1	0	22	1.0000	189.8848
926	0	26	1	0.9630	130.1211
462	0	6	11	0.6471	68.1481
760	0	23	1	0.9583	162.0110
523	1	15	17	0.5312	45.1258
224	0	1	28	0.9655	197.1388
17	1	1	20	0.9524	84.9420
333	0	28	0	1.0000	0.0000
323	1	15	17	0.5312	56.2490
1698	1	4	16	0.8000	72.4267
1623	0	23	1	0.9583	73.9817
812	0	11	15	0.5769	53.7888
1034	1	22	1	0.9565	46.4824
536	1	0	33	1.0000	310.5932
965	1	23	3	0.8846	95.9058
776	1	0	26	1.0000	266.7509
964	0	30	0	1.0000	140.2654
1161	1	17	23	0.5750	97.7058
1707	0	15	3	0.8333	53.2344
1674	1	24	0	1.0000	256.7851
1484	0	6	11	0.6471	49.0650
741	0	23	1	0.9583	101.2615
611	0	1	25	0.9615	327.5270
511	1	16	17	0.5152	48.2689
505	0	29	1	0.9667	315.7067
1463	1	31	3	0.9118	91.6389
8	0	24	3	0.8889	149.9153
255	0	26	0	1.0000	0.0000
1230	0	1	22	0.9565	96.7873
1323	1	12	7	0.6316	87.2468
755	0	28	28	0.5000	0.0000
35	0	29	0	1.0000	0.0000
1483	1	0	22	1.0000	70.0788
346	1	4	22	0.8462	117.4799
415	0	22	0	1.0000	0.0000
865	1	0	25	1.0000	196.2593
1416	0	36	0	1.0000	0.0000
1097	1	22	4	0.8462	94.7988
1321	0	0	30	1.0000	327.3611
1242	1	23	10	0.6970	52.7537
1150	0	0	27	1.0000	203.1896
138	0	18	0	1.0000	179.2600
28	0	18	2	0.9000	130.0103
1903	0	28	17	0.6222	0.0000
1895	0	21	15	0.5833	0.0000
398	0	0	28	1.0000	0.0000
276	0	0	18	1.0000	0.0000
373	1	23	0	1.0000	265.3107
1118	1	33	0	1.0000	176.4226
1586	0	29	0	1.0000	0.0000
286	0	22	0	1.0000	210.9519
580	0	3	20	0.8696	53.7785
748	1	15	21	0.5833	93.1352
1132	1	0	22	1.0000	57.0015
1941	0	15	20	0.5714	0.0000
1040	0	25	0	1.0000	255.8687
1500	1	2	27	0.9310	69.1112
539	1	24	0	1.0000	227.4897
547	0	28	0	1.0000	649.2745
1034	0	1	27	0.9643	46.4824
432	0	0	24	1.0000	288.9687
734	0	0	23	1.0000	0.0000
1700	1	6	29	0.8286	100.3705
1051	1	30	0	1.0000	276.3986
871	0	14	5	0.7368	38.7159
970	0	25	0	1.0000	300.3567
1863	1	17	1	0.9444	48.8791
879	1	11	18	0.6207	45.9289
67	0	11	8	0.5789	62.4822
1022	0	30	0	1.0000	480.5769
1649	0	32	0	1.0000	57.6417
540	0	1	24	0.9600	175.9237
475	1	21	1	0.9545	226.5142
98	1	13	22	0.6286	56.4038
1367	0	0	31	1.0000	185.5766
443	0	15	14	0.5172	44.9845
1726	0	0	25	1.0000	0.0000
767	0	19	0	1.0000	207.2094
326	1	2	20	0.9091	148.6251
1156	1	20	4	0.8333	60.7595
172	1	9	12	0.5714	49.9509
1528	0	0	33	1.0000	0.0000
469	0	4	18	0.8182	87.1310
968	1	0	32	1.0000	317.4043
1204	0	29	3	0.9062	84.9763
1215	0	28	0	1.0000	314.8060
845	0	35	0	1.0000	0.0000
89	1	19	27	0.5870	66.6082
688	1	35	0	1.0000	230.5614
945	0	0	22	1.0000	205.4517
334	0	24	0	1.0000	0.0000
1221	1	0	25	1.0000	198.5921
1350	0	1	19	0.9500	225.0829
1222	1	26	0	1.0000	412.0245
1739	0	24	0	1.0000	313.8956
1807	0	14	0	1.0000	0.0000
268	1	0	19	1.0000	204.5011
1409	1	0	26	1.0000	327.9795
990	1	10	11	0.5238	54.9302
967	0	29	32	0.5246	0.0000
1786	0	22	1	0.9565	55.6242
1061	0	15	5	0.7500	58.9692
1392	0	20	0	1.0000	0.0000
1782	0	15	13	0.5357	0.0000
1400	0	0	29	1.0000	243.6502
1397	0	0	39	1.0000	0.0000
1618	2	24	0	1.0000	903.5626
667	0	17	11	0.6071	55.3534
270	1	1	20	0.9524	231.2423
1496	0	1	27	0.9643	301.9174
520	0	14	15	0.5172	395.7568
